	location	date	total_cases_per_million	new_cases_per_million	new_deaths_per_million	reproduction_rate	total_tests_per_thousand	new_tests_per_thousand	total_vaccinations_per_hundred	people_vaccinated_per_hundred	people_fully_vaccinated_per_hundred	population	life_expectancy
45969	Italy	2021-01-04	35828.292	178.592	5.756	1.06	446.633	1.29	0.32	0.32	0.0	60461828.0	83.51
45970	Italy	2021-01-05	36082.584	254.293	10.734	1.08	448.868	2.235	0.45	0.45	0.0	60461828.0	83.51
45971	Italy	2021-01-06	36418.763	336.179	9.064	1.09	451.822	2.954	0.56	0.56	0.0	60461828.0	83.51
45972	Italy	2021-01-07	36723.352	304.589	6.847	1.06	453.828	2.006	0.71	0.71	0.0	60461828.0	83.51
45973	Italy	2021-01-08	37013.271	289.918	10.254	1.06	456.148	2.32	0.87	0.87	0.0	60461828.0	83.51
45974	Italy	2021-01-09	37343.661	330.39	7.989	1.08	458.994	2.847	1.01	1.01	0.0	60461828.0	83.51
45975	Italy	2021-01-10	37651.706	308.046	5.971	1.06	461.306	2.312	1.11	1.11	0.0	60461828.0	83.51
45976	Italy	2021-01-11	37858.945	207.238	7.41	1.03	462.822	1.516	1.24	1.24	0.0	60461828.0	83.51
45977	Italy	2021-01-12	38094.498	235.554	10.188	0.98	465.164	2.343	1.38	1.38	0.0	60461828.0	83.51
45978	Italy	2021-01-13	38355.374	260.875	8.385	0.94	468.066	2.901	1.53	1.53	0.0	60461828.0	83.51
45979	Italy	2021-01-14	38640.562	285.188	8.634	0.92	470.722	2.656	1.69	1.69	0.0	60461828.0	83.51
45980	Italy	2021-01-15	38907.573	267.011	7.889	0.91	475.245	4.524	1.83	1.83	0.0	60461828.0	83.51
45981	Italy	2021-01-16	39177.33	269.757	7.856	0.9	479.569	4.323	1.94	1.94	0.0	60461828.0	83.51
45982	Italy	2021-01-17	39384.8	207.47	6.235	0.89	483.06	3.491	2.0	2.0	0.0	60461828.0	83.51
45983	Italy	2021-01-18	39530.76	145.96	6.235	0.87	485.684	2.624	2.07	2.06	0.01	60461828.0	83.51
45984	Italy	2021-01-19	39704.357	173.597	9.973	0.86	489.887	4.202	2.13	2.11	0.02	60461828.0	83.51
45985	Italy	2021-01-20	39928.763	224.406	8.667	0.86	494.514	4.627	2.18	2.16	0.02	60461828.0	83.51
45986	Italy	2021-01-21	40161.224	232.461	8.617	0.86	498.939	4.425	2.24	2.18	0.06	60461828.0	83.51
45987	Italy	2021-01-22	40386.705	225.481	7.807	0.87	503.317	4.378	2.28	2.2	0.08	60461828.0	83.51
45988	Italy	2021-01-23	40607.191	220.486	8.071	0.89	508.053	4.736	2.35	2.21	0.13	60461828.0	83.51
45989	Italy	2021-01-24	40799.511	192.32	4.945	0.91	511.629	3.576	2.4	2.22	0.18	60461828.0	83.51
45990	Italy	2021-01-25	40941.071	141.56	6.947	0.93	513.729	2.099	2.52	2.23	0.29	60461828.0	83.51
45991	Italy	2021-01-26	41116.124	175.053	8.948	0.94	517.967	4.239	2.65	2.23	0.42	60461828.0	83.51
45992	Italy	2021-01-27	41367.373	251.249	7.724	0.95	522.826	4.859	2.77	2.24	0.52	60461828.0	83.51
45993	Italy	2021-01-28	41604.878	237.505	8.137	0.94	527.384	4.558	2.92	2.25	0.67	60461828.0	83.51
45994	Italy	2021-01-29	41829.202	224.323	7.889	0.94	531.829	4.445	3.08	2.26	0.82	60461828.0	83.51
45995	Italy	2021-01-30	42039.467	210.265	6.963	0.93	536.758	4.929	3.23	2.27	0.97	60461828.0	83.51
45996	Italy	2021-01-31	42225.518	186.051	3.92	0.94	540.287	3.529	3.33	2.27	1.06	60461828.0	83.51
45997	Italy	2021-02-01	42356.592	131.074	5.441	0.95	542.642	2.356	3.47	2.28	1.19	60461828.0	83.51
45998	Italy	2021-02-02	42516.214	159.621	8.253	0.95	546.685	4.043	3.62	2.29	1.33	60461828.0	83.51
45999	Italy	2021-02-03	42734.236	218.022	7.873	0.96	551.305	4.62	3.78	2.3	1.48	60461828.0	83.51
46000	Italy	2021-02-04	42960.097	225.862	6.963	0.97	555.773	4.468	3.96	2.33	1.63	60461828.0	83.51
46001	Italy	2021-02-05	43195.171	235.074	6.235	0.98	560.247	4.474	4.14	2.35	1.78	60461828.0	83.51
46002	Italy	2021-02-06	43417.443	222.272	6.368	0.99	564.917	4.671	4.26	2.38	1.89	60461828.0	83.51
46003	Italy	2021-02-07	43609.962	192.518	4.466	0.99	568.338	3.42	4.33	2.39	1.94	60461828.0	83.51
46004	Italy	2021-02-08	43741.764	131.802	5.078	1.0	570.724	2.386	4.44	2.44	2.01	60461828.0	83.51
46005	Italy	2021-02-09	43917.28	175.516	6.98	1.0	575.26	4.536	4.55	2.49	2.06	60461828.0	83.51
46006	Italy	2021-02-10	44131.415	214.135	5.557	1.0	580.403	5.144	4.67	2.57	2.1	60461828.0	83.51
46007	Italy	2021-02-11	44381.771	250.356	6.467	1.01	585.242	4.838	4.79	2.66	2.14	60461828.0	83.51
46008	Italy	2021-02-12	44611.552	229.781	5.226	1.0	589.999	4.757	4.91	2.75	2.16	60461828.0	83.51
46009	Italy	2021-02-13	44835.214	223.662	5.144	0.99	594.804	4.805	5.0	2.83	2.17	60461828.0	83.51
46010	Italy	2021-02-14	45018.139	182.925	3.655	0.99	598.205	3.401	5.05	2.87	2.18	60461828.0	83.51
46011	Italy	2021-02-15	45139.604	121.465	4.267	0.99	601.17	2.965	5.15	2.96	2.19	60461828.0	83.51
46012	Italy	2021-02-16	45311.085	171.48	5.557	1.0	605.702	4.532	5.27	3.07	2.2	60461828.0	83.51
46013	Italy	2021-02-17	45510.648	199.564	6.103	1.01	610.572	4.869	5.4	3.19	2.21	60461828.0	83.51
46014	Italy	2021-02-18	45738.147	227.499	5.739	1.04	615.343	4.771	5.54	3.32	2.23	60461828.0	83.51
46015	Italy	2021-02-19	45994.011	255.864	5.756	1.07	620.257	4.914	5.7	3.46	2.24	60461828.0	83.51
46016	Italy	2021-02-20	46240.679	246.668	4.151	1.1	625.319	5.062	5.82	3.58	2.24	60461828.0	83.51
46017	Italy	2021-02-21	46463.134	222.454	3.837	1.12	629.471	4.151	5.91	3.66	2.25	60461828.0	83.51
46018	Italy	2021-02-22	46622.193	159.059	4.532	1.15	632.293	2.823	6.08	3.82	2.26	60461828.0	83.51
46019	Italy	2021-02-23	46842.15	219.957	5.888	1.17	637.319	5.025	6.25	3.99	2.26	60461828.0	83.51
46020	Italy	2021-02-24	47113.428	271.279	5.26	1.2	642.946	5.627	6.45	4.17	2.28	60461828.0	83.51
46021	Italy	2021-02-25	47442.082	328.654	5.094	1.22	648.796	5.85	6.66	4.36	2.3	60461828.0	83.51
46022	Italy	2021-02-26	47780.94	338.858	4.184	1.22	654.178	5.382	6.89	4.56	2.32	60461828.0	83.51
46023	Italy	2021-02-27	48093.567	312.627	4.631	1.21	659.521	5.343	7.09	4.75	2.34	60461828.0	83.51
46024	Italy	2021-02-28	48382.014	288.446	3.176	1.21	663.772	4.251	7.22	4.87	2.36	60461828.0	83.51
46025	Italy	2021-03-01	48598.779	216.765	4.069	1.21	666.594	2.822	7.44	5.05	2.4	60461828.0	83.51
46026	Italy	2021-03-02	48880.99	282.211	5.673	1.21	672.151	5.557	7.71	5.26	2.45	60461828.0	83.51
46027	Italy	2021-03-03	49225.67	344.68	5.739	1.21	678.087	5.936	8.01	5.5	2.52	60461828.0	83.51
46028	Italy	2021-03-04	49603.512	377.842	5.607	1.2	683.704	5.617	8.34	5.74	2.59	60461828.0	83.51
46029	Italy	2021-03-05	50000.622	397.11	4.912	1.19	689.964	6.26	8.67	5.99	2.68	60461828.0	83.51
46030	Italy	2021-03-06	50391.497	390.875	5.078	1.18	695.836	5.872	8.96	6.22	2.74	60461828.0	83.51
46031	Italy	2021-03-07	50734.258	342.762	3.424	1.16	700.324	4.488	9.13	6.35	2.78	60461828.0	83.51
46032	Italy	2021-03-08	50963.858	229.599	5.26	1.15	703.378	3.055	9.43	6.57	2.86	60461828.0	83.51
46033	Italy	2021-03-09	51290.097	326.239	6.219	1.14	709.1	5.722	9.74	6.81	2.94	60461828.0	83.51
46034	Italy	2021-03-10	51658.511	368.414	5.491	1.14	715.072	5.971	10.1	7.07	3.03	60461828.0	83.51
46035	Italy	2021-03-11	52082.729	424.218	6.169	1.13	721.228	6.156	10.46	7.33	3.12	60461828.0	83.51
46036	Italy	2021-03-12	52525.818	443.089	6.285	1.12	727.341	6.114	10.8	7.58	3.23	60461828.0	83.51
46037	Italy	2021-03-13	52956.355	430.536	5.243	1.11	733.51	6.168	11.09	7.79	3.3	60461828.0	83.51
46038	Italy	2021-03-14	53308.709	352.355	4.366	1.09	738.041	4.531	11.27	7.91	3.36	60461828.0	83.51
46039	Italy	2021-03-15	53560.967	252.258	5.855	1.07	741.002	2.961	11.55	8.07	3.48	60461828.0	83.51
46040	Italy	2021-03-16	53897.973	337.006	8.303	1.06	747.111	6.109	11.78	8.19	3.6	60461828.0	83.51
46041	Italy	2021-03-17	54279.04	381.067	7.128	1.05	753.215	6.104	12.05	8.32	3.73	60461828.0	83.51
46042	Italy	2021-03-18	54690.887	411.847	6.996	1.04	759.066	5.851	12.32	8.46	3.86	60461828.0	83.51
46043	Italy	2021-03-19	55116.064	425.177	6.384	1.03	765.1	6.034	12.61	8.62	3.99	60461828.0	83.51
46044	Italy	2021-03-20	55511.57	395.506	6.632	1.03	770.963	5.863	12.89	8.8	4.09	60461828.0	83.51
46045	Italy	2021-03-21	55843.102	331.531	4.962	1.04	775.546	4.583	13.11	8.94	4.17	60461828.0	83.51
46046	Italy	2021-03-22	56248.332	405.231	6.384	1.06	778.344	2.798	13.42	9.15	4.27	60461828.0	83.51
46047	Italy	2021-03-23	56558.264	309.931	9.113	1.02	783.888	5.544	13.79	9.4	4.39	60461828.0	83.51
46048	Italy	2021-03-24	56909.659	351.395	7.608	0.98	789.904	6.016	14.21	9.68	4.53	60461828.0	83.51
46049	Italy	2021-03-25	57301.327	391.669	7.608	0.96	795.684	5.78	14.65	9.98	4.67	60461828.0	83.51
46050	Italy	2021-03-26	57699.529	398.202	7.558	0.95	801.555	5.871	15.09	10.29	4.8	60461828.0	83.51
46051	Italy	2021-03-27	58093.728	394.199	6.285	0.95	807.461	5.906	15.48	10.57	4.91	60461828.0	83.51
46052	Italy	2021-03-28	58417.966	324.238	4.912	0.94	811.972	4.51	15.75	10.77	4.98	60461828.0	83.51
46053	Italy	2021-03-29	58631.324	213.358	6.897	0.93	814.563	2.592	16.14	11.06	5.09	60461828.0	83.51
46054	Italy	2021-03-30	58896.863	265.539	8.749	0.94	819.549	4.986	16.58	11.37	5.21	60461828.0	83.51
46055	Italy	2021-03-31	59291.939	395.076	7.724	0.95	825.355	5.806	17.08	11.72	5.36	60461828.0	83.51
46056	Italy	2021-04-01	59658.848	366.909	8.286	0.92	831.247	5.892	17.55	12.04	5.51	60461828.0	83.51
46057	Italy	2021-04-02	60021.341	362.493	7.955	0.9	836.725	5.477	18.01	12.37	5.64	60461828.0	83.51
46058	Italy	2021-04-03	60372.753	351.412	6.219	0.88	842.666	5.941	18.38	12.64	5.74	60461828.0	83.51
46059	Italy	2021-04-04	60670.743	297.99	5.392	0.86	846.816	4.15	18.54	12.76	5.77	60461828.0	83.51
46060	Italy	2021-04-05	60847.383	176.64	4.896	0.82	848.516	1.7	18.82	12.98	5.84	60461828.0	83.51
46061	Italy	2021-04-06	60975.778	128.395	6.963	0.79	850.384	1.868	19.28	13.32	5.96	60461828.0	83.51
46062	Italy	2021-04-07	61202.136	226.358	10.37	0.8	856.007	5.622	19.81	13.71	6.1	60461828.0	83.51
46063	Italy	2021-04-08	61486.762	284.626	8.055	0.84	861.997	5.99	20.36	14.11	6.25	60461828.0	83.51
46064	Italy	2021-04-09	61799.752	312.991	11.875	0.87	867.769	5.772	20.9	14.52	6.38	60461828.0	83.51
46065	Italy	2021-04-10	62090.035	290.282	5.69	0.89	873.307	5.538	21.42	14.93	6.5	60461828.0	83.51
46066	Italy	2021-04-11	62350.315	260.28	5.475	0.91	877.494	4.186	21.75	15.19	6.57	60461828.0	83.51
46067	Italy	2021-04-12	62512.07	161.755	5.921	0.91	880.647	3.153	22.19	15.52	6.67	60461828.0	83.51
46068	Italy	2021-04-13	62734.342	222.272	7.873	0.92	885.691	5.044	22.66	15.88	6.78	60461828.0	83.51
46069	Italy	2021-04-14	63001.618	267.276	7.757	0.91	891.228	5.537	23.18	16.27	6.91	60461828.0	83.51
46070	Italy	2021-04-15	63282.175	280.557	6.285	0.9	896.514	5.287	23.75	16.68	7.07	60461828.0	83.51
46071	Italy	2021-04-16	63545.532	263.356	7.095	0.89	901.934	5.42	24.37	17.13	7.24	60461828.0	83.51
46072	Italy	2021-04-17	63799.642	254.111	5.127	0.89	907.421	5.487	24.95	17.58	7.38	60461828.0	83.51
46073	Italy	2021-04-18	64009.494	209.851	4.151	0.89	911.227	3.806	25.35	17.88	7.47	60461828.0	83.51
46074	Italy	2021-04-19	64156.082	146.588	5.226	0.9	913.654	2.427	25.85	18.24	7.61	60461828.0	83.51
46075	Italy	2021-04-20	64355.696	199.614	6.45	0.91	918.517	4.863	26.4	18.63	7.77	60461828.0	83.51
46076	Italy	2021-04-21	64584.534	228.839	6.02	0.91	924.306	5.789	27.0	19.04	7.97	60461828.0	83.51
46077	Italy	2021-04-22	64849.925	265.391	5.954	0.92	930.34	6.034	27.65	19.46	8.19	60461828.0	83.51
46078	Italy	2021-04-23	65094.013	244.088	5.656	0.91	935.561	5.221	28.31	19.9	8.41	60461828.0	83.51
46079	Italy	2021-04-24	65322.487	228.475	5.326	0.91	940.867	5.305	28.94	20.34	8.6	60461828.0	83.51
46080	Italy	2021-04-25	65540.096	217.608	3.589	0.92	944.828	3.961	29.37	20.7	8.69	60461828.0	83.51
46081	Italy	2021-04-26	65679.688	139.592	4.978	0.91	947.24	2.412	29.93	21.12	8.84	60461828.0	83.51
46082	Italy	2021-04-27	65851.664	171.976	6.169	0.91	952.247	5.007	30.54	21.55	9.04	60461828.0	83.51
46083	Italy	2021-04-28	66072.994	221.33	5.69	0.91	957.809	5.563	31.2	21.98	9.29	60461828.0	83.51
46084	Italy	2021-04-29	66309.738	236.744	4.763	0.9	963.269	5.459	32.06	22.55	9.59	60461828.0	83.51
46085	Italy	2021-04-30	66532.11	222.372	4.35	0.88	968.872	5.603	32.91	23.1	9.93	60461828.0	83.51
46086	Italy	2021-05-01	66746.526	214.416	3.738	0.86	975.127	6.255	33.62	23.56	10.2	60461828.0	83.51
46087	Italy	2021-05-02	66897.779	151.252	2.382	0.84	977.721	2.595	34.22	23.96	10.42	60461828.0	83.51
46088	Italy	2021-05-03	66996.122	98.343	4.234	0.84	979.736	2.015	34.89	24.43	10.64	60461828.0	83.51
46089	Italy	2021-05-04	67146.845	150.723	5.045	0.84	984.955	5.218	35.62	24.93	10.88	60461828.0	83.51
46090	Italy	2021-05-05	67321.815	174.97	4.416	0.84	990.366	5.411	36.4	25.48	11.14	60461828.0	83.51
46091	Italy	2021-05-06	67516.946	195.131	4.267	0.84	995.735	5.369	37.24	26.03	11.45	60461828.0	83.51
46092	Italy	2021-05-07	67691.42	174.474	3.424	0.83	1001.17	5.435	38.13	26.61	11.78	60461828.0	83.51
46093	Italy	2021-05-08	67859.692	168.271	3.705	0.82	1006.768	5.598	38.96	27.13	12.12	60461828.0	83.51
46094	Italy	2021-05-09	67996.786	137.095	2.299	0.8	1010.506	3.738	39.58	27.54	12.34	60461828.0	83.51
46095	Italy	2021-05-10	68080.757	83.97	3.275	0.79	1012.656	2.15	40.3	28.02	12.6	60461828.0	83.51
46096	Italy	2021-05-11	68195.589	114.833	4.151	0.77	1017.393	4.737	41.04	28.5	12.87	60461828.0	83.51
46097	Italy	2021-05-12	68325.39	129.801	4.333	0.75	1022.467	5.073	41.82	29.02	13.15	60461828.0	83.51
46098	Italy	2021-05-13	68459.061	133.671	3.324	0.74	1027.214	4.747	42.68	29.57	13.47	60461828.0	83.51
46099	Italy	2021-05-14	68584.132	125.071	3.01	0.73	1032.146	4.932	43.57	30.14	13.81	60461828.0	83.51
46100	Italy	2021-05-15	68694.152	110.02	2.249	0.72	1037.019	4.874	44.46	30.72	14.14	60461828.0	83.51
46101	Italy	2021-05-16	68789.22	95.068	1.538	0.71	1040.37	3.35	45.12	31.16	14.4	60461828.0	83.51
46102	Italy	2021-05-17	68846.347	57.127	2.316	0.7	1042.337	1.967	45.89	31.6	14.75	60461828.0	83.51
46103	Italy	2021-05-18	68919.931	73.584	3.324	0.7	1046.684	4.348	46.65	32.06	15.09	60461828.0	83.51
46104	Italy	2021-05-19	69010.897	90.966	2.464	0.69	1051.435	4.751	47.44	32.55	15.41	60461828.0	83.51
46105	Italy	2021-05-20	69105.767	94.87	2.712	0.69	1055.587	4.152	48.34	33.06	15.84	60461828.0	83.51
46106	Italy	2021-05-21	69192.02	86.253	3.606	0.69	1060.049	4.461	49.27	33.58	16.27	60461828.0	83.51
46107	Italy	2021-05-22	69269.986	77.967	2.067	0.68	1064.789	4.74	50.12	34.1	16.67	60461828.0	83.51
46108	Italy	2021-05-23	69336.028	66.042	1.191	0.68	1067.756	2.967	50.79	34.51	16.98	60461828.0	83.51
46109	Italy	2021-05-24	69377.194	41.166	1.819	0.68	1069.534	1.778	51.54	34.96	17.35	60461828.0	83.51
46110	Italy	2021-05-25	69430.451	53.257	2.746	0.68	1073.712	4.179	52.33	35.39	17.74	60461828.0	83.51
46111	Italy	2021-05-26	69495.534	65.082	2.001	0.68	1078.029	4.316	53.18	35.86	18.19	60461828.0	83.51
46112	Italy	2021-05-27	69564.056	68.523	2.828	0.69	1082.064	4.035	54.15	36.36	18.69	60461828.0	83.51
46113	Italy	2021-05-28	69625.864	61.808	2.084	0.68	1086.197	4.133	55.11	36.88	19.16	60461828.0	83.51
46114	Italy	2021-05-29	69681.238	55.374	1.373	0.68	1090.288	4.091	55.97	37.4	19.53	60461828.0	83.51
46115	Italy	2021-05-30	69729.996	48.758	0.728	0.68	1093.008	2.721	56.62	37.81	19.8	60461828.0	83.51
46116	Italy	2021-05-31	69760.064	30.069	1.356	0.67	1094.447	1.439	57.4	38.34	20.15	60461828.0	83.51
46117	Italy	2021-06-01	69801.131	41.067	1.538	0.67	1098.116	3.669	58.17	38.89	20.48	60461828.0	83.51
46118	Italy	2021-06-02	69849.029	47.898	1.025	0.65	1101.858	3.742	58.84	39.44	20.66	60461828.0	83.51
46119	Italy	2021-06-03	69881.496	32.467	0.976	0.64	1103.473	1.615	59.81	40.2	20.93	60461828.0	83.51
46120	Italy	2021-06-04	69923.771	42.275	1.207	0.66	1107.127	3.654	60.84	41.02	21.22	60461828.0	83.51
46121	Italy	2021-06-05	69964.028	40.257	0.943	0.68	1111.074	3.947	61.85	41.84	21.51	60461828.0	83.51
46122	Italy	2021-06-06	70001.655	37.627	0.844	0.69	1113.554	2.48	62.69	42.54	21.72	60461828.0	83.51
46123	Italy	2021-06-07	70022.66	21.005	1.075	0.7	1114.953	1.399	63.62	43.28	21.97	60461828.0	83.51
46124	Italy	2021-06-08	70053.985	31.326	1.687	0.7	1118.606	3.654	64.57	44.04	22.23	60461828.0	83.51
46125	Italy	2021-06-09	70090.339	36.354	1.274	0.7	1122.224	3.618	65.53	44.8	22.5	60461828.0	83.51
46126	Italy	2021-06-10	70124.707	34.369	1.455	0.7	1125.336	3.111	66.56	45.62	22.76	60461828.0	83.51
46127	Italy	2021-06-11	70156.0	31.292	1.141	0.68	1128.935	3.599	67.57	46.42	23.02	60461828.0	83.51
46128	Italy	2021-06-12	70184.481	28.481	0.86	0.67	1132.457	3.522	68.49	47.17	23.21	60461828.0	83.51
46129	Italy	2021-06-13	70207.47	22.99	0.43	0.66	1134.676	2.219	69.2	47.75	23.35	60461828.0	83.51
46130	Italy	2021-06-14	70222.472	15.001	0.595	0.66	1135.981	1.305	70.07	48.29	23.69	60461828.0	83.51
46131	Italy	2021-06-15	70243.195	20.724	1.042	0.65	1139.499	3.518	70.93	48.81	24.04	60461828.0	83.51
46132	Italy	2021-06-16	70266.351	23.155	0.86	0.64	1142.859	3.36	71.84	49.33	24.44	60461828.0	83.51
46133	Italy	2021-06-17	70288.232	21.882	0.612	0.64	1146.173	3.313	72.83	49.85	24.92	60461828.0	83.51
46134	Italy	2021-06-18	70307.203	18.971	0.579	0.62	1149.745	3.573	73.82	50.36	25.41	60461828.0	83.51
46135	Italy	2021-06-19	70326.934	19.731	0.463	0.62	1153.88	4.135	74.73	50.84	25.85	60461828.0	83.51
46136	Italy	2021-06-20	70341.505	14.571	0.281	0.61	1156.37	2.49	75.45	51.21	26.2	60461828.0	83.51
46137	Italy	2021-06-21	70349.51	8.005	0.347	0.61	1157.722	1.352	76.36	51.67	26.66	60461828.0	83.51
46138	Italy	2021-06-22	70363.304	13.794	0.513	0.61	1160.912	3.19	77.29	52.13	27.14	60461828.0	83.51
46139	Italy	2021-06-23	70382.159	18.855	0.496	0.6	1164.187	3.275	78.21	52.59	27.62	60461828.0	83.51
46140	Italy	2021-06-24	70386.559	4.399	0.165	0.57	1167.3	3.113	79.21	53.06	28.15	60461828.0	83.51
46141	Italy	2021-06-25	70398.98	12.421	0.926	0.62	1170.484	3.185	80.21	53.52	28.7	60461828.0	83.51
46142	Italy	2021-06-26	70412.84	13.86	0.662	0.66	1174.197	3.713	81.12	53.95	29.18	60461828.0	83.51
46143	Italy	2021-06-27	70425.74	12.901	0.232	0.71	1176.473	2.276	81.82	54.29	29.55	60461828.0	83.51
46144	Italy	2021-06-28	70432.141	6.401	0.463	0.74	1177.727	1.255	82.73	54.72	30.04	60461828.0	83.51
46145	Italy	2021-06-29	70443.338	11.197	0.695	0.77	1180.88	3.153	83.65	55.12	30.56	60461828.0	83.51
46146	Italy	2021-06-30	70456.173	12.835	0.397	0.81	1183.94	3.06	84.58	55.51	31.11	60461828.0	83.51
46147	Italy	2021-07-01	70470.711	14.538	0.347	0.86	1187.058	3.117	85.51	55.87	31.69	60461828.0	83.51
46148	Italy	2021-07-02	70483.843	13.132	0.463	0.9	1190.353	3.295	86.41	56.19	32.27	60461828.0	83.51
46149	Italy	2021-07-03	70499.208	15.365	0.364	0.94	1194.126	3.773	87.27	56.45	32.87	60461828.0	83.51
46150	Italy	2021-07-04	70512.539	13.331	0.198	0.98	1196.469	2.343	87.94	56.68	33.33	60461828.0	83.51
46151	Italy	2021-07-05	70520.478	7.939	0.513	1.02	1197.703	1.235	88.82	56.94	33.94	60461828.0	83.51
46152	Italy	2021-07-06	70535.479	15.001	0.397	1.08	1200.886	3.183	89.68	57.21	34.55	60461828.0	83.51
46153	Italy	2021-07-07	70552.184	16.705	0.232	1.13	1203.83	2.944	90.57	57.44	35.21	60461828.0	83.51
46154	Italy	2021-07-08	70575.19	23.006	0.215	1.18	1206.721	2.892	91.5	57.62	35.97	60461828.0	83.51
47055	Japan	2021-03-10	3497.971	9.954	0.419	1.04	65.11	0.476	0.12	0.12	0.0	126476458.0	84.63
47056	Japan	2021-03-11	3508.273	10.302	0.356	1.05	65.56	0.449	0.14	0.14	0.0	126476458.0	84.63
47057	Japan	2021-03-12	3518.26	9.986	0.459	1.05	65.999	0.439	0.18	0.18	0.0	126476458.0	84.63
47060	Japan	2021-03-15	3542.161	5.637	0.3	1.06	66.777	0.394	0.23	0.22	0.01	126476458.0	84.63
47061	Japan	2021-03-16	3551.191	9.029	0.451	1.08	67.155	0.378	0.28	0.28	0.01	126476458.0	84.63
47062	Japan	2021-03-17	3563.406	12.216	0.285	1.11	67.826	0.671	0.35	0.33	0.01	126476458.0	84.63
47063	Japan	2021-03-18	3574.95	11.544	0.253	1.12	68.26	0.434	0.4	0.39	0.01	126476458.0	84.63
47064	Japan	2021-03-19	3586.565	11.615	0.261	1.13	68.824	0.564	0.46	0.44	0.02	126476458.0	84.63
47067	Japan	2021-03-22	3614.143	6.215	0.285	1.17	69.608	0.407	0.52	0.49	0.02	126476458.0	84.63
47068	Japan	2021-03-23	3626.137	11.994	0.403	1.21	70.025	0.417	0.55	0.53	0.03	126476458.0	84.63
47069	Japan	2021-03-24	3641.745	15.608	0.166	1.24	70.499	0.474	0.59	0.56	0.03	126476458.0	84.63
47070	Japan	2021-03-25	3656.854	15.11	0.213	1.26	70.994	0.495	0.61	0.58	0.03	126476458.0	84.63
47071	Japan	2021-03-26	3672.486	15.631	0.261	1.27	71.526	0.532	0.65	0.62	0.03	126476458.0	84.63
47074	Japan	2021-03-29	3713.229	10.2	0.229	1.3	72.559	0.571	0.7	0.65	0.05	126476458.0	84.63
47075	Japan	2021-03-30	3730.157	16.928	0.261	1.31	72.885	0.326	0.75	0.67	0.08	126476458.0	84.63
47076	Japan	2021-03-31	3752.801	22.645	0.34	1.32	73.419	0.533	0.79	0.69	0.1	126476458.0	84.63
47077	Japan	2021-04-01	3773.343	20.541	0.142	1.31	73.935	0.517	0.83	0.71	0.12	126476458.0	84.63
47078	Japan	2021-04-02	3794.801	21.459	0.142	1.3	74.419	0.483	0.87	0.72	0.14	126476458.0	84.63
47081	Japan	2021-04-05	3848.874	12.382	0.15	1.27	75.356	0.477	0.95	0.76	0.19	126476458.0	84.63
47082	Japan	2021-04-06	3869.55	20.676	0.174	1.27	75.776	0.419	1.02	0.79	0.23	126476458.0	84.63
47083	Japan	2021-04-07	3896.852	27.302	0.277	1.28	76.238	0.462	1.1	0.82	0.28	126476458.0	84.63
47084	Japan	2021-04-08	3924.454	27.602	0.198	1.28	76.799	0.561	1.18	0.84	0.33	126476458.0	84.63
47085	Japan	2021-04-09	3951.969	27.515	0.111	1.28	77.333	0.535	1.26	0.87	0.39	126476458.0	84.63
47088	Japan	2021-04-12	4019.325	16.707	0.19	1.28	78.406	0.571	1.34	0.9	0.44	126476458.0	84.63
47089	Japan	2021-04-13	4046.595	27.27	0.229	1.3	78.922	0.516	1.39	0.91	0.48	126476458.0	84.63
47090	Japan	2021-04-14	4089.939	43.344	0.387	1.33	79.5	0.578	1.43	0.92	0.51	126476458.0	84.63
47091	Japan	2021-04-15	4125.637	35.698	0.277	1.31	80.151	0.651	1.48	0.94	0.54	126476458.0	84.63
47092	Japan	2021-04-16	4161.304	35.667	0.364	1.28	80.767	0.616	1.54	0.97	0.57	126476458.0	84.63
47093	Japan	2021-04-17	4199.272	37.968	0.324	1.26	81.166	0.399	1.55	0.98	0.57	126476458.0	84.63
47094	Japan	2021-04-18	4231.776	32.504	0.134	1.24	81.408	0.242	1.55	0.99	0.57	126476458.0	84.63
47095	Japan	2021-04-19	4249.755	17.98	0.15	1.22	82.094	0.685	1.67	1.06	0.61	126476458.0	84.63
47096	Japan	2021-04-20	4289.075	39.32	0.419	1.23	82.655	0.561	1.81	1.17	0.63	126476458.0	84.63
47097	Japan	2021-04-21	4331.525	42.451	0.435	1.22	83.417	0.762	1.97	1.31	0.65	126476458.0	84.63
47098	Japan	2021-04-22	4375.217	43.692	0.324	1.2	84.162	0.745	2.13	1.46	0.67	126476458.0	84.63
47099	Japan	2021-04-23	4414.861	39.644	0.443	1.18	84.884	0.722	2.31	1.61	0.69	126476458.0	84.63
47100	Japan	2021-04-24	4459.312	44.451	0.443	1.16	85.344	0.46	2.33	1.64	0.69	126476458.0	84.63
47101	Japan	2021-04-25	4495.864	36.552	0.387	1.14	85.628	0.284	2.35	1.65	0.69	126476458.0	84.63
47102	Japan	2021-04-26	4521.822	25.957	0.229	1.13	86.292	0.664	2.6	1.87	0.73	126476458.0	84.63
47103	Japan	2021-04-27	4561.086	39.264	0.498	1.12	86.932	0.641	2.81	2.06	0.75	126476458.0	84.63
47104	Japan	2021-04-28	4591.099	30.013	0.166	1.11	87.471	0.538	3.06	2.27	0.79	126476458.0	84.63
47105	Japan	2021-04-29	4653.672	62.573	0.854	1.15	88.198	0.727	3.07	2.29	0.79	126476458.0	84.63
47106	Japan	2021-04-30	4690.707	37.035	0.308	1.12	88.708	0.51	3.34	2.51	0.82	126476458.0	84.63
47107	Japan	2021-05-01	4738.06	47.353	0.648	1.11	89.248	0.54	3.36	2.54	0.82	126476458.0	84.63
47108	Japan	2021-05-02	4784.685	46.625	0.482	1.11	89.534	0.286	3.38	2.56	0.82	126476458.0	84.63
47109	Japan	2021-05-03	4820.067	35.382	0.387	1.08	89.884	0.349	3.39	2.56	0.83	126476458.0	84.63
47110	Japan	2021-05-04	4853.251	33.184	0.395	1.03	90.103	0.219	3.39	2.57	0.83	126476458.0	84.63
47111	Japan	2021-05-05	4885.415	32.164	0.474	1.01	90.633	0.53	3.4	2.58	0.83	126476458.0	84.63
47112	Japan	2021-05-06	4920.07	34.655	0.514	1.03	91.342	0.708	3.7	2.82	0.88	126476458.0	84.63
47113	Japan	2021-05-07	4967.873	47.803	1.154	1.1	92.209	0.868	3.85	2.93	0.92	126476458.0	84.63
47114	Japan	2021-05-08	5025.188	57.315	0.664	1.15	92.771	0.561	3.9	2.97	0.93	126476458.0	84.63
47115	Japan	2021-05-09	5077.198	52.01	0.506	1.17	93.098	0.327	3.96	3.03	0.93	126476458.0	84.63
47116	Japan	2021-05-10	5115.6	38.402	0.561	1.17	94.131	1.033	4.23	3.23	1.0	126476458.0	84.63
47117	Japan	2021-05-11	5165.886	50.286	0.901	1.15	94.898	0.767	4.48	3.39	1.09	126476458.0	84.63
47118	Japan	2021-05-12	5225.352	59.466	0.814	1.12	95.587	0.688	4.78	3.58	1.2	126476458.0	84.63
47119	Japan	2021-05-13	5275.693	50.341	0.799	1.07	96.555	0.969	5.1	3.77	1.33	126476458.0	84.63
47120	Japan	2021-05-14	5325.41	49.717	0.64	1.03	97.343	0.788	5.41	3.95	1.47	126476458.0	84.63
47121	Japan	2021-05-15	5375.467	50.057	0.743	1.0	97.872	0.529	5.54	4.05	1.49	126476458.0	84.63
47122	Japan	2021-05-16	5417.095	41.628	0.372	0.98	98.156	0.284	5.7	4.2	1.5	126476458.0	84.63
47123	Japan	2021-05-17	5446.65	29.555	0.917	0.96	98.911	0.754	6.17	4.46	1.7	126476458.0	84.63
47124	Japan	2021-05-18	5487.796	41.146	1.708	0.94	99.593	0.683	6.59	4.73	1.86	126476458.0	84.63
47125	Japan	2021-05-19	5534.081	46.285	0.767	0.92	100.773	1.18	7.08	5.03	2.05	126476458.0	84.63
47126	Japan	2021-05-20	5579.228	45.147	0.838	0.9	101.543	0.769	7.49	5.34	2.15	126476458.0	84.63
47127	Japan	2021-05-21	5620.769	41.541	0.893	0.87	102.469	0.926	7.93	5.63	2.3	126476458.0	84.63
47128	Japan	2021-05-22	5660.184	39.414	0.664	0.85	102.995	0.526	8.17	5.85	2.33	126476458.0	84.63
47129	Japan	2021-05-23	5692.166	31.982	0.49	0.84	103.274	0.279	8.44	6.1	2.35	126476458.0	84.63
47130	Japan	2021-05-24	5713.854	21.688	0.68	0.82	103.998	0.724	9.05	6.55	2.51	126476458.0	84.63
47131	Japan	2021-05-25	5744.832	30.978	0.838	0.81	104.552	0.554	9.56	7.01	2.55	126476458.0	84.63
47132	Japan	2021-05-26	5780.293	35.461	0.917	0.79	105.241	0.689	10.12	7.52	2.6	126476458.0	84.63
47133	Japan	2021-05-27	5813.208	32.915	0.933	0.77	106.163	0.922	10.68	8.0	2.68	126476458.0	84.63
47134	Japan	2021-05-28	5842.471	29.262	0.751	0.76	107.1	0.937	11.25	8.48	2.77	126476458.0	84.63
47135	Japan	2021-05-29	5870.966	28.495	0.72	0.74	107.551	0.451	11.65	8.84	2.81	126476458.0	84.63
47136	Japan	2021-05-30	5893.524	22.558	0.387	0.74	107.789	0.238	12.06	9.2	2.86	126476458.0	84.63
47137	Japan	2021-05-31	5907.724	14.2	0.633	0.73	108.451	0.662	12.75	9.71	3.04	126476458.0	84.63
47138	Japan	2021-06-01	5928.605	20.881	0.799	0.72	108.984	0.533	13.44	10.25	3.19	126476458.0	84.63
47139	Japan	2021-06-02	5952.61	24.004	0.893	0.71	109.589	0.606	14.16	10.8	3.36	126476458.0	84.63
47140	Japan	2021-06-03	5975.128	22.518	0.878	0.7	110.984	1.395	14.88	11.35	3.53	126476458.0	84.63
47141	Japan	2021-06-04	5995.503	20.375	0.68	0.7	111.761	0.777	15.58	11.89	3.69	126476458.0	84.63
47142	Japan	2021-06-05	6016.558	21.055	0.506	0.7	112.189	0.428	16.14	12.36	3.78	126476458.0	84.63
47143	Japan	2021-06-06	6032.585	16.027	0.395	0.7	112.399	0.209	16.71	12.79	3.92	126476458.0	84.63
47144	Japan	2021-06-07	6042.113	9.527	0.593	0.7	112.993	0.594	17.54	13.37	4.16	126476458.0	84.63
47145	Japan	2021-06-08	6057.001	14.888	0.783	0.7	113.484	0.491	18.37	13.97	4.4	126476458.0	84.63
47146	Japan	2021-06-09	6074.751	17.75	0.759	0.69	113.984	0.5	19.23	14.55	4.69	126476458.0	84.63
47147	Japan	2021-06-10	6090.912	16.161	0.561	0.69	114.575	0.591	20.07	15.1	4.97	126476458.0	84.63
47148	Japan	2021-06-11	6106.219	15.307	0.506	0.7	115.364	0.789	20.9	15.66	5.23	126476458.0	84.63
47149	Japan	2021-06-12	6121.614	15.394	0.435	0.71	115.77	0.406	21.6	16.16	5.44	126476458.0	84.63
47150	Japan	2021-06-13	6132.556	10.943	0.253	0.71	115.968	0.198	22.3	16.62	5.69	126476458.0	84.63
47151	Japan	2021-06-14	6139.996	7.44	0.474	0.72	116.445	0.477	23.22	17.13	6.09	126476458.0	84.63
47152	Japan	2021-06-15	6151.176	11.18	0.53	0.73	116.929	0.484	24.14	17.64	6.5	126476458.0	84.63
47153	Japan	2021-06-16	6164.752	13.576	0.633	0.74	117.45	0.522	25.09	18.14	6.95	126476458.0	84.63
47154	Japan	2021-06-17	6176.968	12.216	0.372	0.75	118.009	0.558	26.05	18.65	7.39	126476458.0	84.63
47155	Japan	2021-06-18	6189.903	12.935	0.38	0.77	118.554	0.546	26.96	19.14	7.81	126476458.0	84.63
47156	Japan	2021-06-19	6201.818	11.915	0.221	0.8	118.894	0.34	27.78	19.63	8.15	126476458.0	84.63
47157	Japan	2021-06-20	6212.239	10.421	0.158	0.83	119.143	0.248	28.6	20.12	8.48	126476458.0	84.63
47158	Japan	2021-06-21	6219.07	6.831	0.277	0.85	119.608	0.465	29.6	20.64	8.95	126476458.0	84.63
47159	Japan	2021-06-22	6230.48	11.409	0.34	0.88	120.024	0.416	30.59	21.16	9.44	126476458.0	84.63
47160	Japan	2021-06-23	6244.538	14.058	0.459	0.9	120.517	0.493	31.62	21.68	9.95	126476458.0	84.63
47161	Japan	2021-06-24	6257.702	13.165	0.332	0.92	120.995	0.478	32.64	22.18	10.46	126476458.0	84.63
47162	Japan	2021-06-25	6271.357	13.655	0.245	0.93	121.704	0.709	33.68	22.69	10.99	126476458.0	84.63
47163	Japan	2021-06-26	6284.213	12.856	0.229	0.94	122.045	0.341	34.61	23.18	11.43	126476458.0	84.63
47164	Japan	2021-06-27	6294.27	10.057	0.079	0.95	122.212	0.167	35.55	23.71	11.84	126476458.0	84.63
47165	Japan	2021-06-28	6302.232	7.962	0.3	0.97	122.707	0.495	36.56	24.19	12.37	126476458.0	84.63
47166	Japan	2021-06-29	6313.309	11.077	0.237	0.98	123.196	0.49	37.58	24.66	12.92	126476458.0	84.63
47167	Japan	2021-06-30	6327.699	14.39	0.324	1.0	123.731	0.534	38.59	25.14	13.45	126476458.0	84.63
47168	Japan	2021-07-01	6341.401	13.702	0.19	1.02	124.34	0.609	39.42	25.47	13.95	126476458.0	84.63
47169	Japan	2021-07-02	6355.428	14.026	0.198	1.04	124.87	0.53	40.2	25.75	14.45	126476458.0	84.63
47170	Japan	2021-07-03	6370.324	14.896	0.071	1.05	125.172	0.301	41.12	26.23	14.89	126476458.0	84.63
47171	Japan	2021-07-04	6382.057	11.733	0.04	1.06	125.307	0.135	42.0	26.72	15.28	126476458.0	84.63
47172	Japan	2021-07-05	6390.28	8.223	0.15	1.08	125.771	0.464	42.93	27.2	15.72	126476458.0	84.63
47173	Japan	2021-07-06	6403.634	13.354	0.174	1.11	126.198	0.427	43.82	27.68	16.14	126476458.0	84.63
47174	Japan	2021-07-07	6420.871	17.236	0.111	1.13	126.723	0.526	44.66	28.14	16.52	126476458.0	84.63
85193	South Korea	2021-03-23	1947.486	8.29	0.059	0.96	142.402	0.936	1.38	1.38	0.0	51269183.0	83.03
85196	South Korea	2021-03-26	1975.358	9.85	0.098	1.07	145.35	1.036	1.56	1.55	0.01	51269183.0	83.03
85197	South Korea	2021-03-27	1984.76	9.401	0.02	1.08	146.236	0.886	1.57	1.56	0.01	51269183.0	83.03
85198	South Korea	2021-03-28	1992.249	7.49	0.078	1.07	146.618	0.382	1.57	1.56	0.01	51269183.0	83.03
85199	South Korea	2021-03-29	2000.851	8.602	0.059	1.09	147.016	0.398	1.62	1.61	0.01	51269183.0	83.03
85200	South Korea	2021-03-30	2010.721	9.869	0.039	1.08	147.956	0.94	1.69	1.67	0.02	51269183.0	83.03
85201	South Korea	2021-03-31	2021.468	10.747	0.078	1.1	148.949	0.993	1.74	1.72	0.03	51269183.0	83.03
85202	South Korea	2021-04-01	2032.293	10.825	0.039	1.11	149.771	0.822	1.83	1.79	0.04	51269183.0	83.03
85203	South Korea	2021-04-02	2042.865	10.572	0.059	1.12	150.53	0.759	1.92	1.87	0.05	51269183.0	83.03
85204	South Korea	2021-04-03	2053.456	10.591	0.078	1.13	151.247	0.717	1.94	1.88	0.05	51269183.0	83.03
85205	South Korea	2021-04-04	2062.682	9.226	0.078	1.14	151.547	0.3	1.94	1.88	0.05	51269183.0	83.03
85206	South Korea	2021-04-05	2072.005	9.323	0.078	1.15	151.91	0.364	2.01	1.96	0.05	51269183.0	83.03
85207	South Korea	2021-04-06	2085.034	13.029	0.078	1.18	152.96	1.05	2.1	2.03	0.07	51269183.0	83.03
85208	South Korea	2021-04-07	2098.688	13.653	0.039	1.19	153.923	0.963	2.19	2.11	0.08	51269183.0	83.03
85209	South Korea	2021-04-08	2111.775	13.088	0.117	1.18	154.76	0.837	2.28	2.18	0.1	51269183.0	83.03
85210	South Korea	2021-04-09	2124.961	13.185	0.02	1.16	155.594	0.834	2.36	2.24	0.12	51269183.0	83.03
85211	South Korea	2021-04-10	2136.937	11.976	0.059	1.14	156.363	0.769	2.38	2.26	0.12	51269183.0	83.03
85212	South Korea	2021-04-11	2148.386	11.449	0.039	1.14	156.773	0.41	2.38	2.26	0.12	51269183.0	83.03
85213	South Korea	2021-04-12	2158.958	10.572	0.098	1.11	157.161	0.388	2.45	2.34	0.12	51269183.0	83.03
85214	South Korea	2021-04-13	2173.216	14.258	0.137	1.1	158.281	1.12	2.54	2.42	0.12	51269183.0	83.03
85215	South Korea	2021-04-14	2186.83	13.614	0.117	1.07	159.37	1.089	2.63	2.51	0.12	51269183.0	83.03
85216	South Korea	2021-04-15	2199.938	13.107	0.039	1.05	160.348	0.978	2.82	2.7	0.12	51269183.0	83.03
85217	South Korea	2021-04-16	2212.713	12.776	0.078	1.05	161.158	0.81	3.02	2.9	0.12	51269183.0	83.03
85221	South Korea	2021-04-20	2261.124	14.258	0.078	1.06	163.685	0.935	3.58	3.46	0.12	51269183.0	83.03
85222	South Korea	2021-04-21	2275.46	14.336	0.039	1.08	164.434	0.749	3.84	3.72	0.12	51269183.0	83.03
85223	South Korea	2021-04-22	2291.006	15.545	0.059	1.09	165.214	0.78	4.13	3.98	0.15	51269183.0	83.03
85224	South Korea	2021-04-23	2306.317	15.311	0.02	1.07	166.057	0.843	4.48	4.29	0.19	51269183.0	83.03
85225	South Korea	2021-04-24	2318.878	12.561	0.02	1.02	166.858	0.801	4.62	4.42	0.2	51269183.0	83.03
85226	South Korea	2021-04-25	2328.631	9.752	0.078	0.99	167.298	0.44	4.63	4.43	0.21	51269183.0	83.03
85227	South Korea	2021-04-26	2338.598	9.967	0.059	0.98	167.643	0.345	4.96	4.71	0.25	51269183.0	83.03
85228	South Korea	2021-04-27	2353.714	15.116	0.02	0.99	168.622	0.979	5.34	5.05	0.29	51269183.0	83.03
85229	South Korea	2021-04-28	2366.938	13.224	0.078	0.97	169.485	0.863	5.84	5.51	0.33	51269183.0	83.03
85230	South Korea	2021-04-29	2379.734	12.795	0.059	0.95	170.188	0.703	6.41	6.02	0.39	51269183.0	83.03
85231	South Korea	2021-04-30	2391.963	12.23	0.059	0.94	170.976	0.788	7.0	6.56	0.45	51269183.0	83.03
85232	South Korea	2021-05-01	2403.783	11.82	0.039	0.95	171.607	0.632	7.1	6.64	0.46	51269183.0	83.03
85233	South Korea	2021-05-02	2413.302	9.518	0.02	0.96	171.87	0.262	7.1	6.64	0.46	51269183.0	83.03
85234	South Korea	2021-05-03	2423.854	10.552	0.117	0.96	172.156	0.286	7.33	6.81	0.52	51269183.0	83.03
85235	South Korea	2021-05-04	2437.039	13.185	0.137	0.93	173.185	1.029	7.54	6.95	0.58	51269183.0	83.03
85236	South Korea	2021-05-05	2448.235	11.196	0.078	0.9	173.888	0.702	7.6	6.96	0.63	51269183.0	83.03
85237	South Korea	2021-05-06	2458.475	10.24	0.176	0.91	174.255	0.368	7.85	7.08	0.78	51269183.0	83.03
85238	South Korea	2021-05-07	2472.148	13.673	0.098	0.97	175.007	0.751	8.09	7.17	0.93	51269183.0	83.03
85239	South Korea	2021-05-08	2483.149	11.001	0.176	0.98	175.757	0.75	8.17	7.19	0.98	51269183.0	83.03
85240	South Korea	2021-05-09	2492.179	9.031	0.02	0.98	176.022	0.265	8.18	7.19	0.99	51269183.0	83.03
85241	South Korea	2021-05-10	2502.146	9.967	0.078	1.0	176.298	0.276	8.36	7.22	1.14	51269183.0	83.03
85242	South Korea	2021-05-11	2514.532	12.386	0.098	1.01	177.098	0.8	8.53	7.24	1.3	51269183.0	83.03
85243	South Korea	2021-05-12	2528.478	13.946	0.137	1.06	177.831	0.733	8.71	7.25	1.46	51269183.0	83.03
85244	South Korea	2021-05-13	2543.048	14.57	0.039	1.08	178.541	0.71	8.88	7.26	1.61	51269183.0	83.03
85245	South Korea	2021-05-14	2556.331	13.283	0.059	1.06	179.174	0.633	9.05	7.29	1.77	51269183.0	83.03
85246	South Korea	2021-05-15	2568.229	11.898	0.078	1.06	179.833	0.659	9.11	7.29	1.83	51269183.0	83.03
85247	South Korea	2021-05-16	2580.302	12.074	0.059	1.05	180.127	0.294	9.12	7.29	1.84	51269183.0	83.03
85248	South Korea	2021-05-17	2590.601	10.299	0.02	1.01	180.449	0.323	9.35	7.31	2.03	51269183.0	83.03
85249	South Korea	2021-05-18	2603.338	12.737	0.156	0.96	181.232	0.782	9.65	7.34	2.31	51269183.0	83.03
85250	South Korea	2021-05-19	2615.938	12.6	0.078	0.95	181.867	0.635	9.83	7.34	2.49	51269183.0	83.03
85251	South Korea	2021-05-20	2626.88	10.942	0.117	0.94	182.146	0.28	10.27	7.37	2.9	51269183.0	83.03
85252	South Korea	2021-05-21	2639.87	12.99	0.078	0.98	182.819	0.673	10.74	7.39	3.34	51269183.0	83.03
85253	South Korea	2021-05-22	2651.281	11.41	0.098	1.0	183.412	0.594	10.82	7.4	3.41	51269183.0	83.03
85254	South Korea	2021-05-23	2661.774	10.494	0.059	1.01	183.62	0.208	10.82	7.4	3.42	51269183.0	83.03
85255	South Korea	2021-05-24	2671.839	10.065	0.078	1.0	183.988	0.368	11.17	7.54	3.62	51269183.0	83.03
85256	South Korea	2021-05-25	2685.473	13.634	0.039	0.97	184.821	0.833	11.5	7.7	3.8	51269183.0	83.03
85257	South Korea	2021-05-26	2697.741	12.269	0.059	0.94	185.46	0.639	11.8	7.87	3.94	51269183.0	83.03
85258	South Korea	2021-05-27	2709.191	11.449	0.059	0.91	186.136	0.676	13.2	9.16	4.04	51269183.0	83.03
85259	South Korea	2021-05-28	2719.587	10.396	0.098	0.89	186.849	0.713	14.39	10.22	4.17	51269183.0	83.03
85260	South Korea	2021-05-29	2728.93	9.343	0.117	0.91	187.438	0.589	14.73	10.54	4.19	51269183.0	83.03
85261	South Korea	2021-05-30	2737.317	8.387	0.039	0.95	187.659	0.221	14.74	10.55	4.19	51269183.0	83.03
85262	South Korea	2021-05-31	2746.27	8.953	0.078	0.99	187.895	0.236	15.55	11.31	4.24	51269183.0	83.03
85263	South Korea	2021-06-01	2759.474	13.205	0.039	1.03	188.628	0.733	16.71	12.41	4.29	51269183.0	83.03
85264	South Korea	2021-06-02	2772.757	13.283	0.059	1.06	189.303	0.676	17.5	13.16	4.34	51269183.0	83.03
85265	South Korea	2021-06-03	2786.313	13.556	0.02	1.08	190.026	0.723	18.22	13.83	4.39	51269183.0	83.03
85266	South Korea	2021-06-04	2800.825	14.512	0.039	1.08	190.709	0.682	19.0	14.55	4.45	51269183.0	83.03
85267	South Korea	2021-06-05	2811.67	10.845	0.039	1.03	191.319	0.611	19.27	14.82	4.45	51269183.0	83.03
85268	South Korea	2021-06-06	2821.129	9.46	0.02	0.99	191.601	0.282	19.28	14.83	4.45	51269183.0	83.03
85269	South Korea	2021-06-07	2829.985	8.855	0.02	0.95	191.846	0.245	21.07	16.58	4.49	51269183.0	83.03
85270	South Korea	2021-06-08	2841.707	11.722	0.039	0.92	192.5	0.654	22.57	18.03	4.54	51269183.0	83.03
85271	South Korea	2021-06-09	2853.625	11.917	0.039	0.91	193.359	0.859	23.78	19.19	4.59	51269183.0	83.03
85272	South Korea	2021-06-10	2864.469	10.845	0.039	0.9	194.006	0.647	25.34	20.69	5.15	51269183.0	83.03
85273	South Korea	2021-06-11	2875.451	10.981	0.02	0.9	194.606	0.6	27.03	22.3	5.61	51269183.0	83.03
85274	South Korea	2021-06-12	2884.267	8.816	0.059	0.9	195.407	0.8	27.8	23.06	5.85	51269183.0	83.03
85275	South Korea	2021-06-13	2892.049	7.782	0.059	0.9	195.603	0.196	27.85	23.11	5.87	51269183.0	83.03
85276	South Korea	2021-06-14	2899.344	7.295	0.078	0.89	195.87	0.267	29.52	24.61	6.37	51269183.0	83.03
85277	South Korea	2021-06-15	2909.955	10.611	0.02	0.89	196.469	0.599	30.97	25.88	6.78	51269183.0	83.03
85278	South Korea	2021-06-16	2920.487	10.533	0.02	0.9	197.207	0.738	32.29	26.99	7.33	51269183.0	83.03
85279	South Korea	2021-06-17	2930.376	9.889	0.039	0.9	197.712	0.505	33.35	27.85	7.59	51269183.0	83.03
85280	South Korea	2021-06-18	2939.778	9.401	0.02	0.91	198.33	0.618	34.59	28.9	7.84	51269183.0	83.03
85281	South Korea	2021-06-19	2948.145	8.368	0.098	0.94	198.841	0.511	35.04	29.32	7.91	51269183.0	83.03
85282	South Korea	2021-06-20	2955.109	6.963	0.039	0.97	199.039	0.198	35.05	29.32	7.91	51269183.0	83.03
85283	South Korea	2021-06-21	2962.813	7.704	0.039	1.03	199.293	0.254	35.36	29.41	8.14	51269183.0	83.03
85284	South Korea	2021-06-22	2975.374	12.561	0.02	1.09	199.982	0.689	35.7	29.51	8.38	51269183.0	83.03
85285	South Korea	2021-06-23	2987.272	11.898	0.02	1.12	200.513	0.531	36.02	29.6	8.62	51269183.0	83.03
85286	South Korea	2021-06-24	2999.638	12.366	0.02	1.15	201.248	0.734	36.31	29.68	8.83	51269183.0	83.03
85287	South Korea	2021-06-25	3012.667	13.029	0.059	1.17	201.766	0.518	36.63	29.81	9.02	51269183.0	83.03
85288	South Korea	2021-06-26	3024.643	11.976	0.02	1.19	202.479	0.714	36.69	29.83	9.06	51269183.0	83.03
85289	South Korea	2021-06-27	3034.415	9.772	0.039	1.18	202.701	0.222	36.7	29.83	9.06	51269183.0	83.03
85290	South Korea	2021-06-28	3046.021	11.605	0.039	1.21	202.97	0.269	37.0	29.86	9.35	51269183.0	83.03
85291	South Korea	2021-06-29	3061.508	15.487	0.02	1.2	203.609	0.64	37.32	29.89	9.63	51269183.0	83.03
85292	South Korea	2021-06-30	3076.37	14.863	0.059	1.2	204.118	0.509	37.61	29.92	9.9	51269183.0	83.03
85293	South Korea	2021-07-01	3092.482	16.111	0.059	1.22	204.594	0.477	37.85	29.93	10.13	51269183.0	83.03
85294	South Korea	2021-07-02	3107.949	15.467	0.02	1.22	205.015	0.42	38.09	29.94	10.36	51269183.0	83.03
85295	South Korea	2021-07-03	3122.422	14.473	0.02	1.25	205.517	0.503	38.13	29.94	10.39	51269183.0	83.03
85296	South Korea	2021-07-04	3136.289	13.868	0.039	1.29	205.754	0.236	38.13	29.94	10.4	51269183.0	83.03
85297	South Korea	2021-07-05	3150.84	14.551	0.078	1.35	206.074	0.32	38.38	30.04	10.54	51269183.0	83.03
85298	South Korea	2021-07-06	3174.48	23.64	0.02	1.42	206.635	0.561	38.63	30.12	10.72	51269183.0	83.03
85299	South Korea	2021-07-07	3199.349	24.869	0.02	1.46	207.215	0.58	38.87	30.19	10.89	51269183.0	83.03
85300	South Korea	2021-07-08	3225.017	25.668	0.039	1.47	207.759	0.544	39.15	30.26	11.09	51269183.0	83.03
95859	United Kingdom	2021-01-10	45390.387	810.565	8.352	1.04	850.649	7.157	3.94	3.37	0.58	67886004.0	81.32
95860	United Kingdom	2021-01-11	46072.045	681.657	7.792	0.98	858.756	7.91	4.19	3.58	0.61	67886004.0	81.32
95861	United Kingdom	2021-01-12	46744.466	672.421	18.354	0.94	867.503	8.614	4.52	3.89	0.63	67886004.0	81.32
95862	United Kingdom	2021-01-13	47446.555	702.089	23.098	0.91	877.034	9.259	4.94	4.3	0.65	67886004.0	81.32
95863	United Kingdom	2021-01-14	48165.466	718.911	18.457	0.9	887.41	10.24	5.42	4.77	0.65	67886004.0	81.32
95864	United Kingdom	2021-01-15	48988.684	823.218	18.929	0.89	896.334	8.79	5.93	5.27	0.66	67886004.0	81.32
95865	United Kingdom	2021-01-16	49598.942	610.258	19.135	0.86	903.715	7.235	6.37	5.7	0.66	67886004.0	81.32
95866	United Kingdom	2021-01-17	50168.574	569.631	10.046	0.84	909.971	6.147	6.65	5.98	0.67	67886004.0	81.32
95867	United Kingdom	2021-01-18	50722.591	554.017	8.868	0.83	918.566	8.2	6.96	6.28	0.67	67886004.0	81.32
95868	United Kingdom	2021-01-19	51215.387	492.797	23.746	0.81	927.392	8.532	7.47	6.79	0.68	67886004.0	81.32
95869	United Kingdom	2021-01-20	51789.762	574.375	26.898	0.81	937.207	9.44	8.01	7.33	0.68	67886004.0	81.32
95870	United Kingdom	2021-01-21	52349.185	559.423	19.091	0.8	947.221	9.801	8.62	7.93	0.69	67886004.0	81.32
95871	United Kingdom	2021-01-22	52943.137	593.952	20.638	0.79	956.768	9.272	9.32	8.63	0.69	67886004.0	81.32
95872	United Kingdom	2021-01-23	53438.85	495.713	19.916	0.77	964.007	7.137	10.05	9.36	0.69	67886004.0	81.32
95873	United Kingdom	2021-01-24	53882.403	443.552	9.0	0.74	970.175	6.072	10.38	9.68	0.69	67886004.0	81.32
95874	United Kingdom	2021-01-25	54210.07	327.667	8.75	0.71	978.449	7.997	10.79	10.1	0.7	67886004.0	81.32
95875	United Kingdom	2021-01-26	54507.141	297.072	24.099	0.7	987.543	8.792	11.25	10.55	0.7	67886004.0	81.32
95876	United Kingdom	2021-01-27	54880.841	373.7	25.425	0.71	999.159	11.368	11.72	11.01	0.7	67886004.0	81.32
95877	United Kingdom	2021-01-28	55305.244	424.403	18.251	0.73	1010.62	11.093	12.33	11.62	0.7	67886004.0	81.32
95878	United Kingdom	2021-01-29	55734.566	429.323	18.384	0.74	1020.66	9.762	13.05	12.34	0.71	67886004.0	81.32
95879	United Kingdom	2021-01-30	56079.262	344.695	17.75	0.73	1027.256	6.467	13.95	13.22	0.72	67886004.0	81.32
95880	United Kingdom	2021-01-31	56391.403	312.141	8.691	0.72	1036.153	8.456	14.42	13.69	0.73	67886004.0	81.32
95881	United Kingdom	2021-02-01	56666.393	274.99	5.995	0.72	1046.047	9.475	14.94	14.21	0.73	67886004.0	81.32
95882	United Kingdom	2021-02-02	56915.428	249.035	21.374	0.71	1055.336	8.932	15.5	14.76	0.73	67886004.0	81.32
95883	United Kingdom	2021-02-03	57198.476	283.048	19.474	0.71	1067.439	11.813	16.19	15.45	0.74	67886004.0	81.32
95884	United Kingdom	2021-02-04	57503.9	305.424	13.478	0.71	1079.425	11.547	16.91	16.16	0.75	67886004.0	81.32
95885	United Kingdom	2021-02-05	57786.786	282.886	14.952	0.71	1089.639	9.893	17.64	16.89	0.75	67886004.0	81.32
95886	United Kingdom	2021-02-06	58057.284	270.498	12.197	0.72	1096.504	6.688	18.45	17.7	0.75	67886004.0	81.32
95887	United Kingdom	2021-02-07	58291.559	234.275	5.539	0.72	1105.435	8.616	18.86	18.11	0.76	67886004.0	81.32
95888	United Kingdom	2021-02-08	58499.82	208.261	4.905	0.71	1115.009	9.085	19.39	18.63	0.76	67886004.0	81.32
95889	United Kingdom	2021-02-09	58683.083	183.263	15.497	0.69	1123.912	8.533	20.0	19.24	0.77	67886004.0	81.32
95890	United Kingdom	2021-02-10	58875.715	192.632	14.76	0.68	1135.584	11.244	20.67	19.9	0.77	67886004.0	81.32
95891	United Kingdom	2021-02-11	59075.211	199.496	10.017	0.69	1146.961	10.757	21.42	20.64	0.78	67886004.0	81.32
95892	United Kingdom	2021-02-12	59299.086	223.875	11.181	0.71	1156.52	9.225	22.23	21.44	0.79	67886004.0	81.32
95893	United Kingdom	2021-02-13	59495.813	196.727	9.148	0.72	1162.659	5.945	22.98	22.19	0.79	67886004.0	81.32
95894	United Kingdom	2021-02-14	59657.717	161.904	3.815	0.73	1168.696	5.919	23.33	22.54	0.79	67886004.0	81.32
95895	United Kingdom	2021-02-15	59801.723	144.006	3.462	0.73	1175.776	6.734	23.75	22.94	0.8	67886004.0	81.32
95896	United Kingdom	2021-02-16	59958.397	156.674	11.77	0.75	1183.336	7.197	24.3	23.48	0.82	67886004.0	81.32
95897	United Kingdom	2021-02-17	60146.359	187.962	10.871	0.77	1192.095	8.527	25.04	24.19	0.85	67886004.0	81.32
95898	United Kingdom	2021-02-18	60324.526	178.166	6.702	0.77	1200.647	8.255	25.73	24.86	0.87	67886004.0	81.32
95899	United Kingdom	2021-02-19	60502.751	178.225	7.851	0.78	1208.588	7.678	26.3	25.41	0.89	67886004.0	81.32
95900	United Kingdom	2021-02-20	60656.73	153.979	6.57	0.79	1214.742	6.012	26.81	25.9	0.91	67886004.0	81.32
95901	United Kingdom	2021-02-21	60801.605	144.875	3.197	0.8	1223.577	8.7	27.03	26.11	0.92	67886004.0	81.32
95902	United Kingdom	2021-02-22	60958.618	157.013	2.622	0.8	1233.979	9.878	27.34	26.39	0.95	67886004.0	81.32
95903	United Kingdom	2021-02-23	61084.167	125.549	8.072	0.78	1243.148	8.759	27.86	26.87	0.99	67886004.0	81.32
95904	United Kingdom	2021-02-24	61230.692	146.525	6.526	0.76	1254.361	10.911	28.57	27.53	1.03	67886004.0	81.32
95905	United Kingdom	2021-02-25	61378.292	147.6	4.773	0.74	1265.725	10.774	29.33	28.25	1.08	67886004.0	81.32
95906	United Kingdom	2021-02-26	61504.799	126.506	5.082	0.72	1275.001	8.908	30.13	28.99	1.13	67886004.0	81.32
95907	United Kingdom	2021-02-27	61614.644	109.846	4.287	0.7	1280.831	5.656	30.77	29.59	1.17	67886004.0	81.32
95908	United Kingdom	2021-02-28	61703.838	89.194	2.121	0.69	1288.88	7.758	31.07	29.87	1.2	67886004.0	81.32
95909	United Kingdom	2021-03-01	61784.297	80.458	1.532	0.69	1300.188	10.723	31.41	30.17	1.24	67886004.0	81.32
95910	United Kingdom	2021-03-02	61878.734	94.438	5.053	0.7	1310.94	9.951	31.82	30.5	1.32	67886004.0	81.32
95911	United Kingdom	2021-03-03	61973.305	94.57	7.174	0.7	1324.088	12.722	32.33	30.91	1.42	67886004.0	81.32
95912	United Kingdom	2021-03-04	62071.174	97.87	3.565	0.71	1339.496	14.625	32.99	31.46	1.52	67886004.0	81.32
95913	United Kingdom	2021-03-05	62159.911	88.737	3.476	0.72	1354.395	14.048	33.71	32.11	1.61	67886004.0	81.32
95914	United Kingdom	2021-03-06	62250.033	90.122	2.342	0.75	1361.512	6.669	34.37	32.72	1.65	67886004.0	81.32
95915	United Kingdom	2021-03-07	62327.516	77.483	1.208	0.77	1373.659	11.869	34.65	32.96	1.68	67886004.0	81.32
95916	United Kingdom	2021-03-08	62398.562	71.046	0.957	0.79	1397.389	22.531	35.02	33.28	1.74	67886004.0	81.32
95917	United Kingdom	2021-03-09	62485.015	86.454	3.403	0.82	1419.322	20.248	35.45	33.6	1.85	67886004.0	81.32
95918	United Kingdom	2021-03-10	62573.708	88.693	2.799	0.85	1443.868	22.892	35.95	33.96	1.99	67886004.0	81.32
95919	United Kingdom	2021-03-11	62674.392	100.683	2.666	0.87	1469.433	23.777	36.47	34.34	2.13	67886004.0	81.32
95920	United Kingdom	2021-03-12	62772.851	98.459	2.593	0.88	1491.848	20.655	37.15	34.89	2.26	67886004.0	81.32
95921	United Kingdom	2021-03-13	62855.592	82.742	1.797	0.87	1498.802	6.451	37.98	35.64	2.33	67886004.0	81.32
95922	United Kingdom	2021-03-14	62924.753	69.16	0.766	0.87	1513.412	14.217	38.39	36.02	2.37	67886004.0	81.32
95923	United Kingdom	2021-03-15	63000.32	75.568	0.943	0.88	1538.209	23.183	39.04	36.59	2.45	67886004.0	81.32
95924	United Kingdom	2021-03-16	63079.32	79.0	1.62	0.89	1559.228	19.441	39.82	37.23	2.59	67886004.0	81.32
95925	United Kingdom	2021-03-17	63164.655	85.334	2.077	0.9	1584.788	24.087	40.68	37.91	2.77	67886004.0	81.32
95926	United Kingdom	2021-03-18	63257.929	93.274	1.399	0.9	1607.99	21.172	41.65	38.69	2.96	67886004.0	81.32
95927	United Kingdom	2021-03-19	63329.696	71.767	1.473	0.9	1623.017	13.747	42.74	39.59	3.15	67886004.0	81.32
95928	United Kingdom	2021-03-20	63412.762	83.066	1.414	0.94	1630.452	6.968	43.99	40.7	3.28	67886004.0	81.32
95929	United Kingdom	2021-03-21	63491.659	78.897	0.501	0.96	1658.702	27.897	44.6	41.24	3.36	67886004.0	81.32
95930	United Kingdom	2021-03-22	63571.307	79.648	0.265	0.96	1678.264	17.545	45.21	41.73	3.48	67886004.0	81.32
95931	United Kingdom	2021-03-23	63651.103	79.796	1.65	0.96	1691.679	12.373	45.94	42.21	3.73	67886004.0	81.32
95932	United Kingdom	2021-03-24	63733.977	82.874	1.444	0.95	1719.131	26.719	46.79	42.71	4.09	67886004.0	81.32
95933	United Kingdom	2021-03-25	63826.441	92.464	0.928	0.94	1740.33	18.786	47.62	43.18	4.43	67886004.0	81.32
95934	United Kingdom	2021-03-26	63918.286	91.845	1.046	0.92	1751.513	10.647	48.64	43.79	4.85	67886004.0	81.32
95935	United Kingdom	2021-03-27	63975.868	57.582	0.854	0.87	1758.893	6.943	49.62	44.42	5.2	67886004.0	81.32
95936	United Kingdom	2021-03-28	64034.009	58.142	0.309	0.85	1783.458	24.187	50.27	44.85	5.42	67886004.0	81.32
95937	United Kingdom	2021-03-29	64104.465	70.456	0.339	0.84	1798.491	14.323	50.87	45.2	5.67	67886004.0	81.32
95938	United Kingdom	2021-03-30	64164.434	59.968	0.81	0.81	1809.271	10.245	51.61	45.53	6.08	67886004.0	81.32
95939	United Kingdom	2021-03-31	64225.05	60.616	0.633	0.79	1828.76	18.659	52.53	45.88	6.65	67886004.0	81.32
95940	United Kingdom	2021-04-01	64292.295	67.245	0.751	0.76	1844.644	14.041	53.44	46.13	7.3	67886004.0	81.32
95941	United Kingdom	2021-04-02	64342.703	50.408	0.766	0.74	1853.761	8.185	53.96	46.29	7.67	67886004.0	81.32
95942	United Kingdom	2021-04-03	64393.141	50.437	0.147	0.73	1860.248	5.975	54.38	46.45	7.93	67886004.0	81.32
95943	United Kingdom	2021-04-04	64428.568	35.427	0.147	0.72	1872.67	11.986	54.52	46.52	8.0	67886004.0	81.32
95944	United Kingdom	2021-04-05	64470.27	41.702	0.412	0.7	1885.518	10.92	54.68	46.58	8.1	67886004.0	81.32
95945	United Kingdom	2021-04-06	64505.682	35.412	0.295	0.71	1896.007	9.307	55.08	46.71	8.37	67886004.0	81.32
95946	United Kingdom	2021-04-07	64546.884	41.201	0.663	0.73	1912.01	15.233	55.83	46.85	8.97	67886004.0	81.32
95947	United Kingdom	2021-04-08	64592.902	46.018	0.781	0.76	1927.489	13.723	56.63	47.0	9.64	67886004.0	81.32
95948	United Kingdom	2021-04-09	64522.387	-70.515	0.884	0.8	1938.561	9.962	57.45	47.15	10.3	67886004.0	81.32
95949	United Kingdom	2021-04-10	64562.351	39.964	0.589	0.84	1946.221	7.102	58.32	47.32	11.0	67886004.0	81.32
95950	United Kingdom	2021-04-11	64587.835	25.484	0.103	0.88	1964.703	17.942	58.7	47.42	11.28	67886004.0	81.32
95951	United Kingdom	2021-04-12	64642.132	54.297	0.221	0.93	1979.754	12.88	59.08	47.51	11.57	67886004.0	81.32
95952	United Kingdom	2021-04-13	64679.032	36.9	0.339	0.91	1990.867	10.004	59.65	47.62	12.04	67886004.0	81.32
95953	United Kingdom	2021-04-14	64716.285	37.254	0.56	0.9	2008.715	17.129	60.33	47.79	12.54	67886004.0	81.32
95954	United Kingdom	2021-04-15	64757.03	40.745	0.457	0.89	2025.142	14.558	61.14	47.98	13.16	67886004.0	81.32
95955	United Kingdom	2021-04-16	64798.379	41.349	0.501	0.9	2036.377	10.045	62.08	48.18	13.89	67886004.0	81.32
95956	United Kingdom	2021-04-17	64831.861	33.483	0.53	0.91	2044.19	7.26	63.02	48.39	14.63	67886004.0	81.32
95957	United Kingdom	2021-04-18	64859.614	27.752	0.147	0.94	2069.452	24.656	63.47	48.51	14.95	67886004.0	81.32
95958	United Kingdom	2021-04-19	64904.601	44.987	0.088	0.96	2087.39	15.34	64.02	48.66	15.36	67886004.0	81.32
95959	United Kingdom	2021-04-20	64941.869	37.268	0.486	0.95	2099.516	10.756	64.69	48.82	15.87	67886004.0	81.32
95960	United Kingdom	2021-04-21	64977.576	35.707	0.295	0.93	2120.454	20.201	65.48	48.99	16.49	67886004.0	81.32
95961	United Kingdom	2021-04-22	65018.321	40.745	0.295	0.92	2139.085	16.379	66.31	49.18	17.12	67886004.0	81.32
95962	United Kingdom	2021-04-23	65058.889	40.568	0.604	0.92	2150.991	10.65	67.19	49.38	17.81	67886004.0	81.32
95963	United Kingdom	2021-04-24	65090.147	31.258	0.471	0.91	2158.919	7.405	68.22	49.6	18.61	67886004.0	81.32
95964	United Kingdom	2021-04-25	65115.675	25.528	0.162	0.91	2181.259	21.768	68.72	49.72	19.0	67886004.0	81.32
95965	United Kingdom	2021-04-26	65146.889	31.214	0.103	0.91	2199.155	15.234	69.3	49.85	19.45	67886004.0	81.32
95966	United Kingdom	2021-04-27	65186.618	39.728	0.25	0.93	2211.08	10.757	70.03	50.02	20.01	67886004.0	81.32
95967	United Kingdom	2021-04-28	65218.009	31.391	0.427	0.91	2231.927	20.044	70.91	50.22	20.69	67886004.0	81.32
95968	United Kingdom	2021-04-29	65254.231	36.222	0.368	0.89	2249.995	15.8	71.81	50.4	21.41	67886004.0	81.32
95969	United Kingdom	2021-04-30	65289.54	35.309	0.236	0.89	2261.025	9.835	72.65	50.62	22.03	67886004.0	81.32
95970	United Kingdom	2021-05-01	65317.691	28.15	0.103	0.89	2268.685	7.154	73.41	50.83	22.58	67886004.0	81.32
95971	United Kingdom	2021-05-02	65342.35	24.659	0.206	0.89	2281.474	12.269	73.8	50.96	22.84	67886004.0	81.32
95972	United Kingdom	2021-05-03	65367.008	24.659	0.015	0.89	2299.352	15.758	74.09	51.07	23.02	67886004.0	81.32
95973	United Kingdom	2021-05-04	65396.234	29.225	0.088	0.92	2314.008	12.674	74.66	51.26	23.4	67886004.0	81.32
95974	United Kingdom	2021-05-05	65427.978	31.744	0.398	0.96	2332.783	17.893	75.46	51.46	24.0	67886004.0	81.32
95975	United Kingdom	2021-05-06	65466.543	38.565	0.191	0.99	2350.718	15.726	76.36	51.66	24.7	67886004.0	81.32
95976	United Kingdom	2021-05-07	65503.222	36.679	0.221	1.0	2361.936	10.443	77.24	51.86	25.38	67886004.0	81.32
95977	United Kingdom	2021-05-08	65533.508	30.286	0.074	1.01	2369.696	7.226	78.13	52.1	26.03	67886004.0	81.32
95978	United Kingdom	2021-05-09	65559.581	26.073	0.029	1.03	2389.691	19.479	78.56	52.25	26.3	67886004.0	81.32
95979	United Kingdom	2021-05-10	65594.611	35.029	0.074	1.05	2406.169	14.075	79.07	52.42	26.65	67886004.0	81.32
95980	United Kingdom	2021-05-11	65631.29	36.679	0.295	1.05	2417.725	10.475	79.78	52.62	27.16	67886004.0	81.32
95981	United Kingdom	2021-05-12	65665.111	33.821	0.162	1.02	2435.878	17.455	80.72	52.89	27.83	67886004.0	81.32
95982	United Kingdom	2021-05-13	65704.339	39.228	0.162	1.0	2416.006	14.478	81.66	53.2	28.46	67886004.0	81.32
95983	United Kingdom	2021-05-14	65736.717	32.378	0.265	0.98	2427.144	9.937	82.56	53.53	29.04	67886004.0	81.32
95984	United Kingdom	2021-05-15	65767.061	30.345	0.103	1.0	2434.372	6.779	83.49	53.87	29.61	67886004.0	81.32
95985	United Kingdom	2021-05-16	65795.433	28.371	0.059	1.02	2450.935	16.004	83.95	54.07	29.88	67886004.0	81.32
95986	United Kingdom	2021-05-17	65824.791	29.358	0.074	1.04	2468.841	14.246	84.49	54.23	30.27	67886004.0	81.32
95987	United Kingdom	2021-05-18	65789.997	-34.794	0.103	1.08	2480.695	10.783	85.23	54.48	30.74	67886004.0	81.32
95988	United Kingdom	2021-05-19	65821.609	31.612	0.044	1.12	2498.824	17.392	86.16	54.87	31.29	67886004.0	81.32
95989	United Kingdom	2021-05-20	65861.367	39.758	0.103	1.16	2515.601	14.467	87.17	55.27	31.91	67886004.0	81.32
95990	United Kingdom	2021-05-21	65901.257	39.89	0.133	1.18	2527.206	10.538	88.13	55.59	32.53	67886004.0	81.32
95991	United Kingdom	2021-05-22	65938.437	37.18	0.088	1.2	2535.058	7.352	89.25	55.89	33.36	67886004.0	81.32
95992	United Kingdom	2021-05-23	65969.268	30.831	0.074	1.19	2552.775	17.173	89.81	56.08	33.73	67886004.0	81.32
95993	United Kingdom	2021-05-24	66004.18	34.911	0.044	1.2	2568.935	13.947	90.48	56.26	34.22	67886004.0	81.32
95994	United Kingdom	2021-05-25	66039.783	35.604	0.221	1.22	2580.923	10.929	91.32	56.53	34.79	67886004.0	81.32
95995	United Kingdom	2021-05-26	66083.843	44.059	0.133	1.25	2598.391	16.676	92.3	56.88	35.42	67886004.0	81.32
95996	United Kingdom	2021-05-27	66133.691	49.848	0.147	1.28	2614.484	14.127	93.32	57.26	36.06	67886004.0	81.32
95997	United Kingdom	2021-05-28	66193.055	59.364	0.147	1.31	2625.425	10.005	94.26	57.56	36.7	67886004.0	81.32
95998	United Kingdom	2021-05-29	66240.797	47.742	0.103	1.31	2633.073	7.193	95.15	57.83	37.32	67886004.0	81.32
95999	United Kingdom	2021-05-30	66286.668	45.871	0.088	1.3	2642.673	9.218	95.64	58.01	37.62	67886004.0	81.32
96000	United Kingdom	2021-05-31	66335.19	48.523	0.029	1.3	2652.727	8.868	96.06	58.15	37.91	67886004.0	81.32
96001	United Kingdom	2021-06-01	66380.885	45.694	0.0	1.32	2663.542	9.794	96.72	58.31	38.41	67886004.0	81.32
96002	United Kingdom	2021-06-02	66443.696	62.811	0.177	1.37	2676.85	12.59	97.49	58.57	38.92	67886004.0	81.32
96003	United Kingdom	2021-06-03	66520.015	76.319	0.265	1.44	2690.166	11.877	98.33	58.85	39.48	67886004.0	81.32
96004	United Kingdom	2021-06-04	66610.52	90.505	0.162	1.48	2700.832	9.88	99.16	59.11	40.05	67886004.0	81.32
96005	United Kingdom	2021-06-05	66693.821	83.301	0.191	1.48	2708.512	7.201	100.16	59.41	40.75	67886004.0	81.32
96006	United Kingdom	2021-06-06	66770.788	76.967	0.059	1.46	2727.333	18.296	100.73	59.6	41.13	67886004.0	81.32
96007	United Kingdom	2021-06-07	66853.235	82.447	0.015	1.44	2742.88	13.676	101.35	59.77	41.58	67886004.0	81.32
96008	United Kingdom	2021-06-08	66941.221	87.986	0.206	1.42	2754.561	10.713	102.01	59.97	42.04	67886004.0	81.32
96009	United Kingdom	2021-06-09	67049.078	107.857	0.088	1.4	2771.198	15.997	102.74	60.23	42.51	67886004.0	81.32
96010	United Kingdom	2021-06-10	67155.713	106.635	0.103	1.37	2787.158	13.922	103.49	60.53	42.96	67886004.0	81.32
96011	United Kingdom	2021-06-11	67272.968	117.255	0.25	1.37	2799.144	10.851	104.25	60.83	43.41	67886004.0	81.32
96012	United Kingdom	2021-06-12	67384.214	111.245	0.177	1.36	2807.52	7.863	105.09	61.21	43.89	67886004.0	81.32
96013	United Kingdom	2021-06-13	67492.248	108.034	0.118	1.36	2823.494	15.5	105.58	61.42	44.15	67886004.0	81.32
96014	United Kingdom	2021-06-14	67604.509	112.262	0.044	1.33	2839.162	13.701	106.12	61.62	44.5	67886004.0	81.32
96015	United Kingdom	2021-06-15	67716.373	111.864	0.147	1.32	2851.636	11.45	106.74	61.9	44.84	67886004.0	81.32
96016	United Kingdom	2021-06-16	67846.165	129.791	0.133	1.31	2868.617	16.229	107.37	62.19	45.19	67886004.0	81.32
96017	United Kingdom	2021-06-17	68005.594	159.429	0.28	1.33	2885.959	15.238	108.06	62.55	45.52	67886004.0	81.32
96018	United Kingdom	2021-06-18	68157.127	151.533	0.162	1.33	2898.546	11.655	108.69	62.88	45.82	67886004.0	81.32
96019	United Kingdom	2021-06-19	68305.552	148.425	0.206	1.34	2907.703	8.719	109.45	63.29	46.17	67886004.0	81.32
96020	United Kingdom	2021-06-20	68439.262	133.709	0.088	1.36	2925.143	16.927	109.86	63.53	46.33	67886004.0	81.32
96021	United Kingdom	2021-06-21	68593.461	154.2	0.074	1.38	2942.166	15.021	109.95	63.56	46.39	67886004.0	81.32
96022	United Kingdom	2021-06-22	68762.966	169.505	0.398	1.43	2955.271	12.102	110.76	64.0	46.76	67886004.0	81.32
96023	United Kingdom	2021-06-23	68997.816	234.85	0.28	1.47	2972.961	16.952	111.31	64.31	47.0	67886004.0	81.32
96024	United Kingdom	2021-06-24	69243.89	246.074	0.309	1.47	2990.621	15.734	111.9	64.63	47.26	67886004.0	81.32
96025	United Kingdom	2021-06-25	69470.358	226.468	0.265	1.47	3004.075	12.533	112.45	64.93	47.52	67886004.0	81.32
96026	United Kingdom	2021-06-26	69734.713	264.355	0.339	1.5	3013.77	9.166	113.09	65.28	47.82	67886004.0	81.32
96027	United Kingdom	2021-06-27	69950.265	215.553	0.162	1.52	3032.267	17.922	113.48	65.48	48.0	67886004.0	81.32
96028	United Kingdom	2021-06-28	70284.988	334.723	0.044	1.55	3050.41	16.144	113.87	65.67	48.2	67886004.0	81.32
96029	United Kingdom	2021-06-29	70583.445	298.456	0.339	1.53	3064.49	12.989	114.3	65.87	48.42	67886004.0	81.32
96030	United Kingdom	2021-06-30	70961.578	378.134	0.206	1.51	3083.727	18.438	114.76	66.08	48.68	67886004.0	81.32
96031	United Kingdom	2021-07-01	71368.82	407.242	0.324	1.47	3102.212	16.523	115.27	66.31	48.97	67886004.0	81.32
96032	United Kingdom	2021-07-02	71764.527	395.707	0.398	1.43	3116.144	12.914	115.72	66.49	49.23	67886004.0	81.32
96033	United Kingdom	2021-07-03	72124.911	360.384	0.265	1.39	3126.438	9.712	116.21	66.69	49.52	67886004.0	81.32
96034	United Kingdom	2021-07-04	72476.913	352.002	0.221	1.38	3145.844	18.805	116.49	66.81	49.68	67886004.0	81.32
96035	United Kingdom	2021-07-05	72876.2	399.287	0.133	1.35	3164.439	17.098	116.82	66.92	49.9	67886004.0	81.32
96036	United Kingdom	2021-07-06	73297.922	421.722	0.545	1.34	3179.792	14.268	117.17	67.05	50.12	67886004.0	81.32
96037	United Kingdom	2021-07-07	73770.199	472.277	0.486	1.3	3198.818	18.236	117.55	67.17	50.38	67886004.0	81.32
96398	United States	2021-01-14	70675.667	712.278	11.994	0.95	850.596	6.25	3.33	2.9	0.4	331002647.0	78.86
96399	United States	2021-01-15	71409.136	733.468	11.807	0.93	856.727	6.13	3.67	3.17	0.48	331002647.0	78.86
96403	United States	2021-01-19	73522.723	532.37	8.181	0.86	874.052	5.446	4.7	4.07	0.6	331002647.0	78.86
96404	United States	2021-01-20	74076.377	553.654	13.341	0.86	880.465	6.413	4.94	4.27	0.65	331002647.0	78.86
96405	United States	2021-01-21	74662.04	585.663	12.643	0.85	886.633	6.168	5.25	4.5	0.72	331002647.0	78.86
96406	United States	2021-01-22	75238.35	576.31	11.55	0.85	892.419	5.786	5.71	4.86	0.82	331002647.0	78.86
96407	United States	2021-01-23	75754.234	515.884	10.181	0.85	897.078	4.659	6.14	5.2	0.91	331002647.0	78.86
96408	United States	2021-01-24	76150.599	396.365	5.625	0.85	900.096	3.018	6.53	5.53	0.96	331002647.0	78.86
96409	United States	2021-01-25	76608.834	458.235	5.982	0.85	903.8	3.704	6.8	5.76	1.0	331002647.0	78.86
96410	United States	2021-01-26	77054.831	445.996	12.154	0.85	909.157	5.357	7.04	5.95	1.04	331002647.0	78.86
96411	United States	2021-01-27	77519.966	465.135	11.915	0.85	915.363	6.206	7.37	6.19	1.14	331002647.0	78.86
96412	United States	2021-01-28	78029.944	509.978	12.121	0.84	921.092	5.729	7.83	6.49	1.27	331002647.0	78.86
96413	United States	2021-01-29	78533.302	503.359	11.006	0.84	926.63	5.538	8.34	6.83	1.43	331002647.0	78.86
96414	United States	2021-01-30	78963.689	430.386	8.441	0.84	930.954	4.324	8.84	7.2	1.57	331002647.0	78.86
96415	United States	2021-01-31	79302.514	338.825	5.625	0.83	933.806	2.852	9.31	7.54	1.69	331002647.0	78.86
96416	United States	2021-02-01	79710.29	407.776	6.284	0.82	936.924	3.118	9.63	7.78	1.77	331002647.0	78.86
96417	United States	2021-02-02	80058.635	348.345	10.35	0.81	941.856	4.931	9.8	7.91	1.81	331002647.0	78.86
96418	United States	2021-02-03	80426.278	367.644	11.728	0.8	947.502	5.647	10.13	8.12	1.92	331002647.0	78.86
96419	United States	2021-02-04	80800.916	374.637	11.314	0.79	953.328	5.826	10.53	8.34	2.07	331002647.0	78.86
96420	United States	2021-02-05	81207.021	406.106	11.072	0.79	958.855	5.527	11.01	8.64	2.24	331002647.0	78.86
96421	United States	2021-02-06	81521.75	314.729	8.106	0.78	962.883	4.028	11.67	9.05	2.49	331002647.0	78.86
96422	United States	2021-02-07	81792.884	271.134	4.338	0.78	965.386	2.503	12.32	9.44	2.74	331002647.0	78.86
96423	United States	2021-02-08	82066.108	273.224	4.894	0.78	968.535	3.149	12.68	9.67	2.85	331002647.0	78.86
96424	United States	2021-02-09	82353.915	287.807	9.214	0.77	973.646	5.111	12.92	9.83	2.94	331002647.0	78.86
96425	United States	2021-02-10	82641.677	287.762	9.982	0.77	978.597	4.951	13.39	10.1	3.13	331002647.0	78.86
96426	United States	2021-02-11	82961.204	319.526	9.716	0.77	982.872	4.275	13.87	10.38	3.35	331002647.0	78.86
96427	United States	2021-02-12	83262.319	301.115	8.843	0.76	987.138	4.266	14.48	10.71	3.61	331002647.0	78.86
96428	United States	2021-02-13	83525.818	263.499	6.634	0.75	990.465	3.327	15.14	11.08	3.91	331002647.0	78.86
96429	United States	2021-02-14	83722.599	196.781	3.538	0.75	992.471	2.006	15.81	11.45	4.21	331002647.0	78.86
96431	United States	2021-02-16	84075.397	188.814	5.296	0.74	998.661	3.778	16.51	11.86	4.49	331002647.0	78.86
96432	United States	2021-02-17	84287.296	211.899	7.242	0.75	1003.104	4.443	16.83	12.04	4.63	331002647.0	78.86
96433	United States	2021-02-18	84498.506	211.21	7.601	0.77	1007.378	4.274	17.26	12.27	4.83	331002647.0	78.86
96434	United States	2021-02-19	84738.026	239.521	7.927	0.79	1011.467	4.089	17.82	12.55	5.09	331002647.0	78.86
96435	United States	2021-02-20	84954.629	216.602	5.544	0.82	1014.664	3.197	18.33	12.8	5.35	331002647.0	78.86
96436	United States	2021-02-21	85127.292	172.663	3.734	0.84	1016.73	2.066	18.86	13.05	5.64	331002647.0	78.86
96437	United States	2021-02-22	85296.955	169.663	3.985	0.85	1019.868	3.138	19.19	13.2	5.81	331002647.0	78.86
96438	United States	2021-02-23	85515.292	218.337	6.879	0.87	1024.833	4.965	19.44	13.32	5.94	331002647.0	78.86
96439	United States	2021-02-24	85741.118	225.826	9.613	0.88	1029.931	5.098	19.87	13.53	6.16	331002647.0	78.86
96440	United States	2021-02-25	85975.267	234.149	7.359	0.89	1034.798	4.868	20.41	13.78	6.45	331002647.0	78.86
96441	United States	2021-02-26	86208.948	233.681	6.278	0.89	1039.257	4.459	21.07	14.11	6.76	331002647.0	78.86
96442	United States	2021-02-27	86404.191	195.243	4.595	0.89	1042.502	3.246	21.77	14.48	7.09	331002647.0	78.86
96443	United States	2021-02-28	86559.543	155.352	3.299	0.89	1044.415	1.913	22.5	14.88	7.41	331002647.0	78.86
96444	United States	2021-03-01	86735.065	175.521	4.583	0.89	1047.417	3.002	22.99	15.17	7.61	331002647.0	78.86
96445	United States	2021-03-02	86907.565	172.5	5.87	0.88	1052.284	4.868	23.51	15.48	7.82	331002647.0	78.86
96446	United States	2021-03-03	87110.557	202.992	7.495	0.88	1057.531	5.247	24.08	15.8	8.06	331002647.0	78.86
96447	United States	2021-03-04	87316.175	205.618	5.807	0.88	1062.22	4.689	24.69	16.16	8.31	331002647.0	78.86
96448	United States	2021-03-05	87516.835	200.66	5.447	0.88	1066.541	4.321	25.42	16.61	8.58	331002647.0	78.86
96449	United States	2021-03-06	87692.827	175.993	4.562	0.88	1069.762	3.221	26.29	17.15	8.9	331002647.0	78.86
96450	United States	2021-03-07	87816.914	124.087	2.121	0.88	1071.602	1.839	27.02	17.6	9.18	331002647.0	78.86
96451	United States	2021-03-08	87952.614	135.7	2.227	0.88	1074.551	2.949	27.54	17.94	9.42	331002647.0	78.86
96452	United States	2021-03-09	88126.833	174.219	5.456	0.9	1079.204	4.653	28.01	18.27	9.6	331002647.0	78.86
96453	United States	2021-03-10	88301.741	174.908	4.743	0.9	1084.077	4.873	28.62	18.67	9.84	331002647.0	78.86
96454	United States	2021-03-11	88490.474	188.733	4.707	0.91	1088.598	4.521	29.36	19.16	10.13	331002647.0	78.86
96455	United States	2021-03-12	88676.312	185.838	4.665	0.92	1092.822	4.224	30.24	19.72	10.47	331002647.0	78.86
96456	United States	2021-03-13	88836.525	160.213	3.112	0.93	1095.918	3.095	31.61	20.6	11.04	331002647.0	78.86
96457	United States	2021-03-14	88952.168	115.643	1.764	0.95	1097.666	1.749	32.01	20.87	11.2	331002647.0	78.86
96458	United States	2021-03-15	89122.985	170.817	2.26	0.96	1100.525	2.858	32.62	21.25	11.46	331002647.0	78.86
96459	United States	2021-03-16	89286.15	163.165	3.565	0.96	1105.043	4.518	33.11	21.57	11.67	331002647.0	78.86
96460	United States	2021-03-17	89465.242	179.092	3.701	0.96	1109.923	4.88	33.8	22.03	11.96	331002647.0	78.86
96461	United States	2021-03-18	89647.643	182.4	4.973	0.97	1114.373	4.45	34.6	22.57	12.25	331002647.0	78.86
96462	United States	2021-03-19	89833.898	186.255	3.405	0.98	1118.428	4.055	35.38	23.09	12.54	331002647.0	78.86
96463	United States	2021-03-20	90001.628	167.73	2.233	1.0	1121.417	2.988	36.31	23.73	12.87	331002647.0	78.86
96464	United States	2021-03-21	90103.808	102.18	1.474	1.01	1123.27	1.853	37.22	24.34	13.2	331002647.0	78.86
96465	United States	2021-03-22	90259.203	155.395	2.178	1.03	1126.21	2.94	37.83	24.75	13.43	331002647.0	78.86
96466	United States	2021-03-23	90421.401	162.198	2.643	1.06	1130.821	4.611	38.34	25.1	13.61	331002647.0	78.86
96467	United States	2021-03-24	90684.051	262.65	4.562	1.1	1135.816	4.995	39.01	25.56	13.86	331002647.0	78.86
96468	United States	2021-03-25	90888.116	204.065	4.233	1.09	1140.177	4.361	39.86	26.12	14.18	331002647.0	78.86
96469	United States	2021-03-26	91121.882	233.766	3.477	1.09	1144.32	4.143	40.87	26.78	14.56	331002647.0	78.86
96470	United States	2021-03-27	91311.735	189.853	2.402	1.08	1147.335	3.015	41.91	27.42	14.99	331002647.0	78.86
96471	United States	2021-03-28	91442.317	130.582	1.586	1.08	1149.216	1.881	42.9	28.0	15.43	331002647.0	78.86
96472	United States	2021-03-29	91651.599	209.282	2.136	1.07	1152.254	3.038	43.6	28.41	15.73	331002647.0	78.86
96473	United States	2021-03-30	91837.184	185.585	2.671	1.06	1156.877	4.623	44.13	28.72	15.97	331002647.0	78.86
96474	United States	2021-03-31	92038.889	201.705	3.251	1.04	1161.643	4.766	44.93	29.18	16.33	331002647.0	78.86
96475	United States	2021-04-01	92277.918	239.028	3.254	1.05	1165.99	4.348	45.94	29.77	16.77	331002647.0	78.86
96476	United States	2021-04-02	92489.055	211.137	2.879	1.04	1170.042	4.052	47.13	30.44	17.34	331002647.0	78.86
96477	United States	2021-04-03	92680.174	191.119	2.266	1.04	1172.968	2.926	48.35	31.16	17.9	331002647.0	78.86
96478	United States	2021-04-04	92786.315	106.141	0.897	1.04	1174.67	1.702	49.35	31.76	18.36	331002647.0	78.86
96479	United States	2021-04-05	93020.162	233.847	1.529	1.05	1177.525	2.855	49.99	32.15	18.66	331002647.0	78.86
96480	United States	2021-04-06	93203.466	183.304	2.598	1.05	1182.203	4.678	50.41	32.38	18.84	331002647.0	78.86
96481	United States	2021-04-07	93430.114	226.648	7.834	1.06	1187.226	5.023	51.27	32.89	19.26	331002647.0	78.86
96482	United States	2021-04-08	93671.484	241.37	3.103	1.06	1191.789	4.563	52.29	33.5	19.8	331002647.0	78.86
96483	United States	2021-04-09	93921.361	249.877	2.692	1.06	1196.159	4.37	53.47	34.22	20.39	331002647.0	78.86
96484	United States	2021-04-10	94122.83	201.47	2.151	1.05	1199.208	3.048	54.86	35.03	21.14	331002647.0	78.86
96485	United States	2021-04-11	94263.34	140.509	0.921	1.05	1201.15	1.942	55.93	35.65	21.72	331002647.0	78.86
96486	United States	2021-04-12	94475.045	211.705	1.435	1.04	1204.321	3.171	56.72	36.13	22.15	331002647.0	78.86
96487	United States	2021-04-13	94710.59	235.545	2.514	1.03	1209.174	4.853	57.49	36.57	22.52	331002647.0	78.86
96488	United States	2021-04-14	94938.392	227.802	2.882	1.01	1214.212	5.038	58.24	37.05	22.93	331002647.0	78.86
96489	United States	2021-04-15	95162.886	224.494	2.731	0.99	1218.674	4.462	59.3	37.62	23.47	331002647.0	78.86
96490	United States	2021-04-16	95404.79	241.904	2.653	0.97	1223.048	4.374	60.48	38.2	24.1	331002647.0	78.86
96491	United States	2021-04-17	95563.496	158.706	2.115	0.95	1226.086	3.037	61.56	38.72	24.66	331002647.0	78.86
96492	United States	2021-04-18	95690.748	127.253	1.018	0.95	1227.932	1.846	62.61	39.24	25.2	331002647.0	78.86
96493	United States	2021-04-19	95896.502	205.754	1.511	0.94	1230.995	3.063	63.26	39.56	25.52	331002647.0	78.86
96494	United States	2021-04-20	96080.636	184.134	2.544	0.92	1235.719	4.724	63.8	39.85	25.78	331002647.0	78.86
96495	United States	2021-04-21	96270.529	189.893	2.598	0.91	1240.696	4.978	64.57	40.2	26.19	331002647.0	78.86
96496	United States	2021-04-22	96473.784	203.255	2.924	0.9	1245.198	4.501	65.47	40.6	26.68	331002647.0	78.86
96497	United States	2021-04-23	96662.336	188.551	2.347	0.89	1249.444	4.246	66.48	41.03	27.26	331002647.0	78.86
96498	United States	2021-04-24	96823.951	161.615	2.269	0.88	1252.441	2.997	67.47	41.46	27.83	331002647.0	78.86
96499	United States	2021-04-25	96921.089	97.138	0.885	0.88	1254.219	1.778	68.37	41.85	28.34	331002647.0	78.86
96500	United States	2021-04-26	97064.798	143.709	1.48	0.87	1257.221	3.002	69.0	42.15	28.67	331002647.0	78.86
96501	United States	2021-04-27	97218.38	153.582	1.976	0.87	1261.958	4.738	69.49	42.38	28.93	331002647.0	78.86
96502	United States	2021-04-28	97384.995	166.615	2.924	0.87	1266.707	4.748	70.16	42.67	29.32	331002647.0	78.86
96503	United States	2021-04-29	97560.978	175.983	2.647	0.87	1270.977	4.27	70.97	43.0	29.8	331002647.0	78.86
96504	United States	2021-04-30	97735.959	174.98	2.263	0.88	1274.932	3.956	71.81	43.32	30.32	331002647.0	78.86
96505	United States	2021-05-01	97873.09	137.132	2.16	0.88	1277.655	2.723	72.8	43.73	30.92	331002647.0	78.86
96506	United States	2021-05-02	97961.921	88.83	1.018	0.87	1279.228	1.573	73.43	43.97	31.33	331002647.0	78.86
96507	United States	2021-05-03	98114.46	152.54	1.52	0.86	1281.921	2.692	73.79	44.11	31.55	331002647.0	78.86
96508	United States	2021-05-04	98237.489	123.029	2.64	0.84	1286.202	4.281	74.08	44.22	31.75	331002647.0	78.86
96509	United States	2021-05-05	98372.546	135.056	2.402	0.83	1290.8	4.599	74.62	44.42	32.1	331002647.0	78.86
96510	United States	2021-05-06	98516.221	143.676	2.408	0.83	1294.739	3.939	75.34	44.69	32.57	331002647.0	78.86
96511	United States	2021-05-07	98661.628	145.407	2.293	0.82	1298.278	3.538	76.18	44.98	33.15	331002647.0	78.86
96512	United States	2021-05-08	98763.364	101.736	1.903	0.82	1300.842	2.564	76.95	45.24	33.68	331002647.0	78.86
96513	United States	2021-05-09	98828.098	64.734	0.752	0.82	1302.299	1.458	77.66	45.48	34.16	331002647.0	78.86
96514	United States	2021-05-10	98939.269	111.171	1.248	0.81	1304.875	2.576	78.22	45.69	34.54	331002647.0	78.86
96515	United States	2021-05-11	99040.966	101.697	2.076	0.81	1308.884	4.008	78.68	45.88	34.86	331002647.0	78.86
96516	United States	2021-05-12	99149.201	108.235	2.32	0.8	1312.921	4.037	79.14	46.04	35.18	331002647.0	78.86
96517	United States	2021-05-13	99264.233	115.032	2.314	0.81	1316.513	3.592	79.71	46.23	35.58	331002647.0	78.86
96518	United States	2021-05-14	99391.906	127.673	1.982	0.81	1319.776	3.263	80.26	46.42	35.96	331002647.0	78.86
96519	United States	2021-05-15	99479.087	87.181	1.505	0.81	1322.147	2.371	80.98	46.71	36.41	331002647.0	78.86
96520	United States	2021-05-16	99530.068	50.981	0.837	0.8	1323.513	1.366	81.61	46.98	36.78	331002647.0	78.86
96521	United States	2021-05-17	99616.536	86.468	1.202	0.79	1325.91	2.397	82.05	47.19	37.03	331002647.0	78.86
96522	United States	2021-05-18	99700.49	83.954	2.329	0.78	1329.565	3.655	82.39	47.35	37.21	331002647.0	78.86
96523	United States	2021-05-19	99789.012	88.522	2.042	0.77	1333.113	3.547	82.91	47.59	37.51	331002647.0	78.86
96524	United States	2021-05-20	99880.268	91.256	2.045	0.76	1336.144	3.032	83.54	47.89	37.86	331002647.0	78.86
96525	United States	2021-05-21	99964.696	84.428	1.858	0.76	1339.1	2.956	84.2	48.22	38.21	331002647.0	78.86
96526	United States	2021-05-22	100024.508	59.812	1.498	0.78	1341.232	2.132	84.9	48.58	38.57	331002647.0	78.86
96527	United States	2021-05-23	100063.384	38.876	0.595	0.79	1342.459	1.227	85.43	48.83	38.87	331002647.0	78.86
96528	United States	2021-05-24	100141.374	77.99	1.347	0.79	1344.582	2.123	85.78	49.01	39.05	331002647.0	78.86
96529	United States	2021-05-25	100210.072	68.697	1.912	0.77	1347.808	3.225	86.05	49.15	39.19	331002647.0	78.86
96530	United States	2021-05-26	100282.506	72.434	2.958	0.76	1350.959	3.151	86.48	49.36	39.42	331002647.0	78.86
96531	United States	2021-05-27	100365.43	82.924	4.115	0.75	1353.745	2.786	86.93	49.55	39.7	331002647.0	78.86
96532	United States	2021-05-28	100431.469	66.039	1.695	0.72	1356.257	2.513	87.34	49.75	39.93	331002647.0	78.86
96533	United States	2021-05-29	100467.725	36.257	1.0	0.71	1357.989	1.732	87.82	49.98	40.19	331002647.0	78.86
96534	United States	2021-05-30	100488.07	20.344	0.408	0.71	1359.067	1.078	88.19	50.15	40.39	331002647.0	78.86
96536	United States	2021-06-01	100574.821	69.305	1.958	0.75	1362.135	2.12	88.63	50.38	40.63	331002647.0	78.86
96537	United States	2021-06-02	100625.929	51.108	1.686	0.76	1365.469	3.334	88.78	50.45	40.71	331002647.0	78.86
96538	United States	2021-06-03	100683.572	57.643	1.87	0.77	1368.438	2.969	89.02	50.56	40.86	331002647.0	78.86
96539	United States	2021-06-04	100734.478	50.906	1.604	0.78	1371.052	2.613	89.44	50.75	41.1	331002647.0	78.86
96540	United States	2021-06-05	100776.49	42.012	1.148	0.81	1372.901	1.85	89.78	50.91	41.3	331002647.0	78.86
96541	United States	2021-06-06	100792.789	16.299	0.517	0.83	1374.011	1.109	90.19	51.08	41.55	331002647.0	78.86
96542	United States	2021-06-07	100839.604	46.815	0.955	0.84	1375.942	1.932	90.55	51.22	41.79	331002647.0	78.86
96543	United States	2021-06-08	100878.918	39.314	1.027	0.84	1378.622	2.679	90.87	51.35	41.99	331002647.0	78.86
96544	United States	2021-06-09	100935.253	56.335	1.36	0.86	1381.254	2.633	91.12	51.45	42.15	331002647.0	78.86
96545	United States	2021-06-10	100979.195	43.942	1.296	0.86	1383.632	2.378	91.4	51.56	42.33	331002647.0	78.86
96546	United States	2021-06-11	101053.814	74.619	1.964	0.87	1385.951	2.319	91.65	51.66	42.49	331002647.0	78.86
96547	United States	2021-06-12	101078.672	24.858	0.879	0.85	1387.64	1.689	92.13	51.85	42.79	331002647.0	78.86
96548	United States	2021-06-13	101093.104	14.432	0.338	0.85	1388.688	1.049	92.49	51.98	43.03	331002647.0	78.86
96549	United States	2021-06-14	101131.563	38.459	0.529	0.84	1390.489	1.8	92.88	52.1	43.33	331002647.0	78.86
96550	United States	2021-06-15	101165.717	34.154	0.952	0.83	1392.983	2.495	93.26	52.23	43.59	331002647.0	78.86
96551	United States	2021-06-16	101203.254	37.537	1.13	0.83	1395.343	2.36	93.56	52.34	43.79	331002647.0	78.86
96552	United States	2021-06-17	101234.653	31.399	0.855	0.85	1397.494	2.15	94.18	52.59	44.18	331002647.0	78.86
96553	United States	2021-06-18	101296.861	62.208	1.801	0.87	1399.554	2.06	94.5	52.71	44.39	331002647.0	78.86
96554	United States	2021-06-19	101322.601	25.74	0.52	0.9	1401.036	1.481	94.82	52.85	44.59	331002647.0	78.86
96555	United States	2021-06-20	101334.359	11.758	0.266	0.92	1402.026	0.99	95.07	52.95	44.75	331002647.0	78.86
96556	United States	2021-06-21	101371.621	37.263	0.813	0.94	1403.714	1.688	95.26	53.03	44.86	331002647.0	78.86
96557	United States	2021-06-22	101404.672	33.051	0.976	0.94	1406.033	2.32	95.45	53.11	44.98	331002647.0	78.86
96558	United States	2021-06-23	101442.243	37.571	1.136	0.96	1408.299	2.266	95.64	53.21	45.09	331002647.0	78.86
96559	United States	2021-06-24	101481.004	38.761	1.027	0.99	1410.328	2.029	95.89	53.32	45.23	331002647.0	78.86
96560	United States	2021-06-25	101552.65	71.646	1.501	1.01	1412.293	1.965	96.04	53.37	45.33	331002647.0	78.86
96561	United States	2021-06-26	101574.713	22.063	0.444	1.03	1413.739	1.447	96.32	53.48	45.5	331002647.0	78.86
96562	United States	2021-06-27	101586.556	11.843	0.224	1.05	1414.728	0.988	96.68	53.6	45.76	331002647.0	78.86
96563	United States	2021-06-28	101632.124	45.568	0.453	1.06	1416.332	1.604	97.0	53.71	45.98	331002647.0	78.86
96564	United States	2021-06-29	101666.414	34.29	0.949	1.05	1418.368	2.037	97.22	53.8	46.11	331002647.0	78.86
96565	United States	2021-06-30	101706.045	39.631	0.737	1.07	1420.33	1.961	97.63	54.02	46.31	331002647.0	78.86
96566	United States	2021-07-01	101749.739	43.695	0.918	1.1	1422.147	1.817	98.12	54.22	46.61	331002647.0	78.86
96567	United States	2021-07-02	101840.047	90.307	1.42	1.13	1423.766	1.619	98.32	54.31	46.72	331002647.0	78.86
96568	United States	2021-07-03	101854.364	14.317	0.242	1.12	1424.938	1.172	98.66	54.45	46.94	331002647.0	78.86
96569	United States	2021-07-04	101865.533	11.169	0.1	1.14	1425.548	0.61	98.85	54.54	47.04	331002647.0	78.86
96571	United States	2021-07-06	101955.417	73.184	1.009	1.29	1426.525	0.449	99.03	54.63	47.13	331002647.0	78.86
